time,axes[0],axes[1],axes[2],axes[3],axes[4],axes[5],axes[6],axes[7],buttons[0],buttons[1],buttons[2],buttons[3],buttons[4],buttons[5],buttons[6],buttons[7],buttons[8],buttons[9],buttons[10]
0.0,-0.0,-0.0,1.0,-0.0,-0.0,1.0,0.0,0.0,0,0,0,0,0,0,0,0,0,0,0
0.10029792785644531,-0.0,-0.0,1.0,-0.0,-0.0,1.0,0.0,0.0,0,0,0,0,0,0,0,0,0,0,0
0.15356087684631348,-0.0,-0.0,1.0,-0.0,-0.0,1.0,0.0,0.0,0,0,0,0,0,0,0,0,0,0,0
0.21207761764526367,-0.0,-0.0,1.0,-0.0,-0.0,1.0,0.0,0.0,0,0,0,0,0,0,0,0,0,0,0
0.263486385345459,-0.0,-0.0,1.0,-0.0,-0.0,1.0,0.0,0.0,0,0,0,0,0,0,0,0,0,0,0
0.3147885799407959,-0.0,-0.0,1.0,-0.0,-0.0,1.0,0.0,0.0,0,0,0,0,0,0,0,0,0,0,0
0.365464448928833,-0.0,-0.0,1.0,-0.0,-0.0,1.0,0.0,0.0,0,0,0,0,0,0,0,0,0,0,0
0.4177110195159912,-0.0,-0.0,1.0,-0.0,-0.0,1.0,0.0,0.0,0,0,0,0,0,0,0,0,0,0,0
0.4691946506500244,-0.0,-0.0,1.0,-0.0,-0.0,1.0,0.0,0.0,0,0,0,0,0,0,0,0,0,0,0
0.5218980312347412,-0.0,-0.0,1.0,-0.0,-0.0,1.0,0.0,0.0,0,0,0,0,0,0,0,0,0,0,0
0.572850227355957,-0.0,-0.0,1.0,-0.0,-0.0,1.0,0.0,0.0,0,0,0,0,0,0,0,0,0,0,0
0.6261835098266602,-0.0,-0.0,1.0,-0.0,-0.0,1.0,0.0,0.0,0,0,0,0,0,0,0,0,0,0,0
0.6767134666442871,-0.0,-0.0,1.0,-0.0,-0.0,1.0,0.0,0.0,0,0,0,0,0,0,0,0,0,0,0
0.7273976802825928,-0.0,-0.0,1.0,-0.0,-0.0,1.0,0.0,0.0,0,0,0,0,0,0,0,0,0,0,0
0.8268094062805176,-0.0,-0.0,1.0,-0.0,-0.0,1.0,0.0,0.0,0,0,0,0,0,0,0,0,0,0,0
0.8773164749145508,-0.0,-0.0,1.0,-0.0,-0.0,1.0,0.0,0.0,0,0,0,0,0,0,0,0,0,0,0
0.9772541522979736,-0.0,-0.0,1.0,-0.0,-0.0,1.0,0.0,0.0,0,0,0,0,0,0,0,0,0,0,0
1.076646089553833,-0.0,-0.0,1.0,-0.0,-0.0,1.0,0.0,0.0,0,0,0,0,0,0,0,0,0,0,0
1.1272997856140137,-0.0,-0.0,1.0,-0.0,-0.0,1.0,0.0,0.0,0,0,0,0,0,0,0,0,0,0,0
1.1775660514831543,-0.0,-0.0,1.0,-0.0,-0.0,1.0,0.0,0.0,0,0,0,0,0,0,0,0,0,0,0
1.2285666465759277,-0.0,-0.0,1.0,-0.0,-0.0,1.0,0.0,0.0,0,0,0,0,0,0,0,0,0,0,0
1.2787909507751465,-0.0,-0.0,1.0,-0.0,-0.0,1.0,0.0,0.0,0,0,0,0,0,0,0,0,0,0,0
1.3293051719665527,-0.0,-0.0,1.0,-0.0,-0.0,1.0,0.0,0.0,0,0,0,0,0,0,0,0,0,0,0
1.379608392715454,-0.0,-0.0,1.0,-0.0,-0.0,1.0,0.0,0.0,0,0,0,0,0,0,0,0,0,0,0
1.429661750793457,-0.0,-0.0,1.0,-0.0,-0.0,1.0,0.0,0.0,0,0,0,0,0,0,0,0,0,0,0
1.480175256729126,-0.0,-0.0,1.0,-0.0,-0.0,1.0,0.0,0.0,0,0,0,0,0,0,0,0,0,0,0
1.5306663513183594,-0.0,-0.0,1.0,-0.0,-0.0,1.0,0.0,0.0,0,0,0,0,0,0,0,0,0,0,0
1.580977439880371,-0.0,-0.0,1.0,-0.0,-0.0,1.0,0.0,0.0,0,0,0,0,0,0,0,0,0,0,0
1.6314482688903809,-0.0,-0.0,1.0,-0.0,-0.0,1.0,0.0,0.0,0,0,0,0,0,0,0,0,0,0,0
1.6836137771606445,-0.0,-0.0,1.0,-0.0,-0.0,1.0,0.0,0.0,0,0,0,0,0,0,0,0,0,0,0
1.734224796295166,-0.0,-0.0,1.0,-0.0,-0.0,1.0,0.0,0.0,0,0,0,0,0,0,0,0,0,0,0
1.7844836711883545,-0.0,-0.0,1.0,-0.0,-0.0,1.0,0.0,0.0,0,0,0,0,0,0,0,0,0,0,0
1.8348572254180908,-0.0,-0.0,1.0,-0.0,-0.0,1.0,0.0,0.0,0,0,0,0,0,0,0,0,0,0,0
1.8850147724151611,-0.0,-0.0,1.0,-0.0,-0.0,1.0,0.0,0.0,0,0,0,0,0,0,0,0,0,0,0
1.9849963188171387,-0.0,-0.0,1.0,-0.0,-0.0,1.0,0.0,0.0,0,0,0,0,0,0,0,0,0,0,0
2.0836174488067627,-0.0,-0.0,1.0,-0.0,-0.0,1.0,0.0,0.0,0,0,0,0,0,0,0,0,0,0,0
2.134681463241577,-0.0,-0.0,1.0,-0.0,-0.0,1.0,0.0,0.0,0,0,0,0,0,0,0,0,0,0,0
2.1847689151763916,-0.0,-0.0,1.0,-0.0,-0.0,1.0,0.0,0.0,0,0,0,0,0,0,0,0,0,0,0
2.235048532485962,-0.0,-0.0,1.0,-0.0,-0.0,1.0,0.0,0.0,0,0,0,0,0,0,0,0,0,0,0
2.2850759029388428,-0.0,-0.0,1.0,-0.0,-0.0,1.0,0.0,0.0,0,0,0,0,0,0,0,0,0,0,0
2.33510160446167,-0.0,-0.0,1.0,-0.0,-0.0,1.0,0.0,0.0,0,0,0,0,0,0,0,0,0,0,0
2.3854942321777344,-0.0,-0.0,1.0,-0.0,-0.0,1.0,0.0,0.0,0,0,0,0,0,0,0,0,0,0,0
2.435753345489502,-0.0,-0.0,1.0,-0.0,-0.0,1.0,0.0,0.0,0,0,0,0,0,0,0,0,0,0,0
2.486071825027466,-0.0,-0.0,1.0,-0.0,-0.0,1.0,0.0,0.0,0,0,0,0,0,0,0,0,0,0,0
2.5366055965423584,-0.0,-0.0,1.0,-0.0,-0.0,1.0,0.0,0.0,0,0,0,0,0,0,0,0,0,0,0
2.5875957012176514,-0.0,-0.0,1.0,-0.0,-0.0,1.0,0.0,0.0,0,0,0,0,0,0,0,0,0,0,0
2.638759136199951,-0.0,-0.0,1.0,-0.0,-0.0,1.0,0.0,0.0,0,0,0,0,0,0,0,0,0,0,0
2.6896820068359375,-0.0,-0.0,1.0,-0.0,-0.0,1.0,0.0,0.0,0,0,0,0,0,0,0,0,0,0,0
2.7402284145355225,-0.0,-0.0,1.0,-0.0,-0.0,1.0,0.0,0.0,0,0,0,0,0,0,0,0,0,0,0
2.839733839035034,-0.0,-0.0,1.0,-0.0,-0.0,1.0,0.0,0.0,0,0,0,0,0,0,0,0,0,0,0
2.8900773525238037,-0.0,-0.0,1.0,-0.0,-0.0,1.0,0.0,0.0,0,0,0,0,0,0,0,0,0,0,0
2.940511465072632,-0.0,-0.0,1.0,-0.0,-0.0,1.0,0.0,0.0,0,0,0,0,0,0,0,0,0,0,0
2.991518020629883,-0.0,-0.0,1.0,-0.0,-0.0,1.0,0.0,0.0,0,0,0,0,0,0,0,0,0,0,0
3.0416266918182373,-0.0,-0.0,1.0,-0.0,-0.0,1.0,0.0,0.0,0,0,0,0,0,0,0,0,0,0,0
3.0919816493988037,-0.0,-0.0,1.0,-0.0,-0.0,1.0,0.0,0.0,0,0,0,0,0,0,0,0,0,0,0
3.192373037338257,-0.0,-0.0,1.0,-0.0,-0.0,1.0,0.0,0.0,0,0,0,0,0,0,0,0,0,0,0
3.243046998977661,-0.0,-0.0,1.0,-0.0,-0.0,1.0,0.0,0.0,0,0,0,0,0,0,0,0,0,0,0
3.3434672355651855,-0.0,-0.0,1.0,-0.0,-0.0,1.0,0.0,0.0,0,0,0,0,0,0,0,0,0,0,0
3.394024610519409,-0.0,-0.0,1.0,-0.0,-0.0,1.0,0.0,0.0,0,0,0,0,0,0,0,0,0,0,0
3.4440724849700928,-0.0,-0.0,1.0,-0.0,-0.0,1.0,0.0,0.0,0,0,0,0,0,0,0,0,0,0,0
3.5440704822540283,-0.0,-0.0,1.0,-0.0,-0.0,1.0,0.0,0.0,0,0,0,0,0,0,0,0,0,0,0
3.5941338539123535,-0.0,-0.0,1.0,-0.0,-0.0,1.0,0.0,0.0,0,0,0,0,0,0,0,0,0,0,0
3.645207643508911,-0.0,-0.0,1.0,-0.0,-0.0,1.0,0.0,0.0,0,0,0,0,0,0,0,0,0,0,0
3.6954784393310547,-0.0,-0.0,1.0,-0.0,-0.0,1.0,0.0,0.0,0,0,0,0,0,0,0,0,0,0,0
3.746671199798584,-0.0,-0.0,1.0,-0.0,-0.0,1.0,0.0,0.0,0,0,0,0,0,0,0,0,0,0,0
3.7976791858673096,-0.0,-0.0,1.0,-0.0,-0.0,1.0,0.0,0.0,0,0,0,0,0,0,0,0,0,0,0
3.8486459255218506,-0.0,-0.0,1.0,-0.0,-0.0,1.0,0.0,0.0,0,0,0,0,0,0,0,0,0,0,0
3.8996851444244385,-0.0,-0.0,1.0,-0.0,-0.0,1.0,0.0,0.0,0,0,0,0,0,0,0,0,0,0,0
3.9500725269317627,-0.0,-0.0,1.0,-0.0,-0.0,1.0,0.0,0.0,0,0,0,0,0,0,0,0,0,0,0
4.000670671463013,-0.0,-0.0,1.0,-0.0,-0.0,1.0,0.0,0.0,0,0,0,0,0,0,0,0,0,0,0
4.099799871444702,-0.0,-0.0,1.0,-0.0,-0.0,1.0,0.0,0.0,0,0,0,0,0,0,0,0,0,0,0
4.149865388870239,-0.0,-0.0,1.0,-0.0,-0.0,1.0,0.0,0.0,0,0,0,0,0,0,0,0,0,0,0
4.200362682342529,-0.0,-0.0,1.0,-0.0,-0.0,1.0,0.0,0.0,0,0,0,0,0,0,0,0,0,0,0
4.251008987426758,-0.0,-0.0,1.0,-0.0,-0.0,1.0,0.0,0.0,0,0,0,0,0,0,0,0,0,0,0
4.351638317108154,-0.0,-0.0,1.0,-0.0,-0.0,1.0,0.0,0.0,0,0,0,0,0,0,0,0,0,0,0
4.4024975299835205,-0.0,-0.0,1.0,-0.0,-0.0,1.0,0.0,0.0,0,0,0,0,0,0,0,0,0,0,0
4.45376443862915,-0.0,-0.0,1.0,-0.0,-0.0,1.0,0.0,0.0,0,0,0,0,0,0,0,0,0,0,0
4.504847764968872,-0.0,-0.0,1.0,-0.0,-0.0,1.0,0.0,0.0,0,0,0,0,0,0,0,0,0,0,0
4.5555198192596436,-0.0,-0.0,1.0,-0.0,-0.0,1.0,0.0,0.0,0,0,0,0,0,0,0,0,0,0,0
4.606213569641113,-0.0,-0.0,1.0,-0.0,-0.0,1.0,0.0,0.0,0,0,0,0,0,0,0,0,0,0,0
4.658144474029541,-0.0,-0.0,1.0,-0.0,-0.0,1.0,0.0,0.0,0,0,0,0,0,0,0,0,0,0,0
4.708602666854858,-0.0,-0.0,1.0,-0.0,-0.0,1.0,0.0,0.0,0,0,0,0,0,0,0,0,0,0,0
4.7586829662323,-0.0,-0.0,1.0,-0.0,-0.0,1.0,0.0,0.0,0,0,0,0,0,0,0,0,0,0,0
4.808783292770386,-0.0,-0.0,1.0,-0.0,-0.0,1.0,0.0,0.0,0,0,0,0,0,0,0,0,0,0,0
4.859577417373657,-0.0,-0.0,1.0,-0.0,-0.0,1.0,0.0,0.0,0,0,0,0,0,0,0,0,0,0,0
4.909915447235107,-0.0,-0.0,1.0,-0.0,-0.0,1.0,0.0,0.0,0,0,0,0,0,0,0,0,0,0,0
4.960497140884399,-0.0,-0.0,1.0,-0.0,-0.0,1.0,0.0,0.0,0,0,0,0,0,0,0,0,0,0,0
5.010787487030029,-0.0,-0.0,1.0,-0.0,-0.0,1.0,0.0,0.0,0,0,0,0,0,0,0,0,0,0,0
5.110230207443237,-0.0,-0.0,1.0,-0.0,-0.0,1.0,0.0,0.0,0,0,0,0,0,0,0,0,0,0,0
5.161256313323975,-0.0,-0.0,1.0,-0.0,-0.0,1.0,0.0,0.0,0,0,0,0,0,0,0,0,0,0,0
5.212670087814331,-0.0,-0.0,1.0,-0.0,-0.0,1.0,0.0,0.0,0,0,0,0,0,0,0,0,0,0,0
5.262777805328369,-0.0,-0.0,1.0,-0.0,-0.0,1.0,0.0,0.0,0,0,0,0,0,0,0,0,0,0,0
5.313028812408447,-0.0,-0.0,1.0,-0.0,-0.0,1.0,0.0,0.0,0,0,0,0,0,0,0,0,0,0,0
5.3639936447143555,-0.0,-0.0,1.0,-0.0,-0.0,1.0,0.0,0.0,0,0,0,0,0,0,0,0,0,0,0
5.414700269699097,-0.0,-0.0,1.0,-0.0,-0.0,1.0,0.0,0.0,0,0,0,0,0,0,0,0,0,0,0
5.465485572814941,-0.0,-0.0,1.0,-0.0,-0.0,1.0,0.0,0.0,0,0,0,0,0,0,0,0,0,0,0
5.515831470489502,-0.0,-0.0,1.0,-0.0,-0.0,1.0,0.0,0.0,0,0,0,0,0,0,0,0,0,0,0
5.566125392913818,-0.0,-0.0,1.0,-0.0,-0.0,1.0,0.0,0.0,0,0,0,0,0,0,0,0,0,0,0
5.616619825363159,-0.0,-0.0,1.0,-0.0,-0.0,1.0,0.0,0.0,0,0,0,0,0,0,0,0,0,0,0
5.667937278747559,-0.0,-0.0,1.0,-0.0,-0.0,1.0,0.0,0.0,0,0,0,0,0,0,0,0,0,0,0
5.7683351039886475,-0.0,-0.0,1.0,-0.0,-0.0,1.0,0.0,0.0,0,0,0,0,0,0,0,0,0,0,0
5.819430112838745,-0.0,-0.0,1.0,-0.0,-0.0,1.0,0.0,0.0,0,0,0,0,0,0,0,0,0,0,0
5.8698413372039795,-0.0,-0.0,1.0,-0.0,-0.0,1.0,0.0,0.0,0,0,0,0,0,0,0,0,0,0,0
5.91987943649292,-0.0,-0.0,1.0,-0.0,-0.0,1.0,0.0,0.0,0,0,0,0,0,0,0,0,0,0,0
6.019893169403076,-0.0,-0.0,1.0,-0.0,-0.0,1.0,0.0,0.0,0,0,0,0,0,0,0,0,0,0,0
6.119333267211914,-0.0,-0.0,1.0,-0.0,-0.0,1.0,0.0,0.0,0,0,0,0,0,0,0,0,0,0,0
6.170146226882935,-0.0,-0.0,1.0,-0.0,-0.0,1.0,0.0,0.0,0,0,0,0,0,0,0,0,0,0,0
6.269956350326538,-0.0,-0.0,1.0,-0.0,-0.0,1.0,0.0,0.0,0,0,0,0,0,0,0,0,0,0,0
6.320132493972778,-0.0,-0.0,1.0,-0.0,-0.0,1.0,0.0,0.0,0,0,0,0,0,0,0,0,0,0,0
6.419734716415405,-0.0,-0.0,1.0,-0.0,-0.0,1.0,0.0,0.0,0,0,0,0,0,0,0,0,0,0,0
6.470299243927002,-0.0,-0.0,1.0,-0.0,-0.0,1.0,0.0,0.0,0,0,0,0,0,0,0,0,0,0,0
6.520779132843018,-0.0,-0.0,1.0,-0.0,-0.0,1.0,0.0,0.0,0,0,0,0,0,0,0,0,0,0,0
6.620645999908447,-0.0,-0.0,1.0,-0.0,-0.0,1.0,0.0,0.0,0,0,0,0,0,0,0,0,0,0,0
6.672367334365845,-0.0,-0.0,1.0,-0.0,-0.0,1.0,0.0,0.0,0,0,0,0,0,0,0,0,0,0,0
6.72333550453186,-0.0,-0.0,1.0,-0.0,-0.0,1.0,0.0,0.0,0,0,0,0,0,0,0,0,0,0,0
6.774472951889038,-0.0,-0.0,1.0,-0.0,-0.0,1.0,0.0,0.0,0,0,0,0,0,0,0,0,0,0,0
6.8252599239349365,-0.0,-0.0,1.0,-0.0,-0.0,1.0,0.0,0.0,0,0,0,0,0,0,0,0,0,0,0
6.875520467758179,-0.0,-0.0,1.0,-0.0,-0.0,1.0,0.0,0.0,0,0,0,0,0,0,0,0,0,0,0
6.925967454910278,-0.0,-0.0,1.0,-0.0,-0.0,1.0,0.0,0.0,0,0,0,0,0,0,0,0,0,0,0
6.976227760314941,-0.0,-0.0,1.0,-0.0,-0.0,1.0,0.0,0.0,0,0,0,0,0,0,0,0,0,0,0
7.074642658233643,-0.0,-0.0,1.0,-0.0,-0.0,1.0,0.0,0.0,0,0,0,0,0,0,0,0,0,0,0
7.174899101257324,-0.0,-0.0,1.0,-0.0,-0.0,1.0,0.0,0.0,0,0,0,0,0,0,0,0,0,0,0
7.225017786026001,-0.0,-0.0,1.0,-0.0,-0.0,1.0,0.0,0.0,0,0,0,0,0,0,0,0,0,0,0
7.27545428276062,-0.0,-0.0,1.0,-0.0,-0.0,1.0,0.0,0.0,0,0,0,0,0,0,0,0,0,0,0
7.326091527938843,-0.0,-0.0,1.0,-0.0,-0.0,1.0,0.0,0.0,0,0,0,0,0,0,0,0,0,0,0
7.376485824584961,-0.0,-0.0,1.0,-0.0,-0.0,1.0,0.0,0.0,0,0,0,0,0,0,0,0,0,0,0
7.427525520324707,-0.0,-0.0,1.0,-0.0,-0.0,1.0,0.0,0.0,0,0,0,0,0,0,0,0,0,0,0
7.478133201599121,-0.0,-0.0,1.0,-0.0,-0.0,1.0,0.0,0.0,0,0,0,0,0,0,0,0,0,0,0
7.486269235610962,-0.0,-0.0,1.0,-0.0,-0.0,1.0,0.0,0.0,1,0,0,0,0,0,0,0,0,0,0
7.536716938018799,-0.0,-0.0,1.0,-0.0,-0.0,1.0,0.0,0.0,1,0,0,0,0,0,0,0,0,0,0
7.63671612739563,-0.0,-0.0,1.0,-0.0,-0.0,1.0,0.0,0.0,1,0,0,0,0,0,0,0,0,0,0
7.646709442138672,-0.0,-0.0,1.0,-0.0,-0.0,1.0,0.0,0.0,0,0,0,0,0,0,0,0,0,0,0
7.6970295906066895,-0.0,-0.0,1.0,-0.0,-0.0,1.0,0.0,0.0,0,0,0,0,0,0,0,0,0,0,0
7.796942710876465,-0.0,-0.0,1.0,-0.0,-0.0,1.0,0.0,0.0,0,0,0,0,0,0,0,0,0,0,0
7.847400665283203,-0.0,-0.0,1.0,-0.0,-0.0,1.0,0.0,0.0,0,0,0,0,0,0,0,0,0,0,0
7.8975279331207275,-0.0,-0.0,1.0,-0.0,-0.0,1.0,0.0,0.0,0,0,0,0,0,0,0,0,0,0,0
7.947793483734131,-0.0,-0.0,1.0,-0.0,-0.0,1.0,0.0,0.0,0,0,0,0,0,0,0,0,0,0,0
8.046507596969604,-0.0,-0.0,1.0,-0.0,-0.0,1.0,0.0,0.0,0,0,0,0,0,0,0,0,0,0,0
8.097064733505249,-0.0,-0.0,1.0,-0.0,-0.0,1.0,0.0,0.0,0,0,0,0,0,0,0,0,0,0,0
8.196736574172974,-0.0,-0.0,1.0,-0.0,-0.0,1.0,0.0,0.0,0,0,0,0,0,0,0,0,0,0,0
8.247302532196045,-0.0,-0.0,1.0,-0.0,-0.0,1.0,0.0,0.0,0,0,0,0,0,0,0,0,0,0,0
8.298396110534668,-0.0,-0.0,1.0,-0.0,-0.0,1.0,0.0,0.0,0,0,0,0,0,0,0,0,0,0,0
8.348849534988403,-0.0,-0.0,1.0,-0.0,-0.0,1.0,0.0,0.0,0,0,0,0,0,0,0,0,0,0,0
8.399036884307861,-0.0,-0.0,1.0,-0.0,-0.0,1.0,0.0,0.0,0,0,0,0,0,0,0,0,0,0,0
8.499296188354492,-0.0,-0.0,1.0,-0.0,-0.0,1.0,0.0,0.0,0,0,0,0,0,0,0,0,0,0,0
8.550553321838379,-0.0,-0.0,1.0,-0.0,-0.0,1.0,0.0,0.0,0,0,0,0,0,0,0,0,0,0,0
8.600872278213501,-0.0,-0.0,1.0,-0.0,-0.0,1.0,0.0,0.0,0,0,0,0,0,0,0,0,0,0,0
8.651865243911743,-0.0,-0.0,1.0,-0.0,-0.0,1.0,0.0,0.0,0,0,0,0,0,0,0,0,0,0,0
8.751668691635132,-0.0,-0.0,1.0,-0.0,-0.0,1.0,0.0,0.0,0,0,0,0,0,0,0,0,0,0,0
8.80227255821228,-0.0,-0.0,1.0,-0.0,-0.0,1.0,0.0,0.0,0,0,0,0,0,0,0,0,0,0,0
8.85451364517212,-0.0,-0.0,1.0,-0.0,-0.0,1.0,0.0,0.0,0,0,0,0,0,0,0,0,0,0,0
8.878579378128052,-0.0,0.006554697640240192,1.0,-0.0,-0.0,1.0,0.0,0.0,0,0,0,0,0,0,0,0,0,0,0
8.883252620697021,-0.0,0.03269888833165169,1.0,-0.0,-0.0,1.0,0.0,0.0,0,0,0,0,0,0,0,0,0,0,0
8.8860764503479,-0.0,0.04141361638903618,1.0,-0.0,-0.0,1.0,0.0,0.0,0,0,0,0,0,0,0,0,0,0,0
8.89006519317627,-0.0,0.06755780428647995,1.0,-0.0,-0.0,1.0,0.0,0.0,0,0,0,0,0,0,0,0,0,0,0
8.89437985420227,-0.0,0.08498726785182953,1.0,-0.0,-0.0,1.0,0.0,0.0,0,0,0,0,0,0,0,0,0,0,0
8.89777135848999,-0.0,0.10241672396659851,1.0,-0.0,-0.0,1.0,0.0,0.0,0,0,0,0,0,0,0,0,0,0,0
8.902167081832886,-0.0,0.14599037170410156,1.0,-0.0,-0.0,1.0,0.0,0.0,0,0,0,0,0,0,0,0,0,0,0
8.906055927276611,-0.0,0.17213456332683563,1.0,-0.0,-0.0,1.0,0.0,0.0,0,0,0,0,0,0,0,0,0,0,0
8.911067485809326,-0.0,0.18084929883480072,1.0,-0.0,-0.0,1.0,0.0,0.0,0,0,0,0,0,0,0,0,0,0,0
8.925973176956177,-0.0,0.1982787549495697,1.0,-0.0,-0.0,1.0,0.0,0.0,0,0,0,0,0,0,0,0,0,0,0
8.932235479354858,-0.0,0.25056713819503784,1.0,-0.0,-0.0,1.0,0.0,0.0,0,0,0,0,0,0,0,0,0,0,0
8.933847904205322,-0.0,0.25928187370300293,1.0,-0.0,-0.0,1.0,0.0,0.0,0,0,0,0,0,0,0,0,0,0,0
8.937673807144165,-0.0,0.2767113149166107,1.0,-0.0,-0.0,1.0,0.0,0.0,0,0,0,0,0,0,0,0,0,0,0
8.94234585762024,-0.0,0.2854260504245758,1.0,-0.0,-0.0,1.0,0.0,0.0,0,0,0,0,0,0,0,0,0,0,0
8.946329832077026,-0.0,0.31157025694847107,1.0,-0.0,-0.0,1.0,0.0,0.0,0,0,0,0,0,0,0,0,0,0,0
8.952289819717407,-0.0,0.32028496265411377,1.0,-0.0,-0.0,1.0,0.0,0.0,0,0,0,0,0,0,0,0,0,0,0
8.958691596984863,-0.0,0.34642916917800903,1.0,-0.0,-0.0,1.0,0.0,0.0,0,0,0,0,0,0,0,0,0,0,0
8.962712049484253,-0.0,0.3638586103916168,1.0,-0.0,-0.0,1.0,0.0,0.0,0,0,0,0,0,0,0,0,0,0,0
8.966469287872314,-0.0,0.3900028169155121,1.0,-0.0,-0.0,1.0,0.0,0.0,0,0,0,0,0,0,0,0,0,0,0
8.970251560211182,-0.0,0.41614699363708496,1.0,-0.0,-0.0,1.0,0.0,0.0,0,0,0,0,0,0,0,0,0,0,0
8.973695278167725,-0.0,0.4422912001609802,1.0,-0.0,-0.0,1.0,0.0,0.0,0,0,0,0,0,0,0,0,0,0,0
8.977641105651855,-0.0,0.4684353768825531,1.0,-0.0,-0.0,1.0,0.0,0.0,0,0,0,0,0,0,0,0,0,0,0
8.983390092849731,-0.0,0.49457958340644836,1.0,-0.0,-0.0,1.0,0.0,0.0,0,0,0,0,0,0,0,0,0,0,0
8.987894773483276,-0.0,0.5120090246200562,1.0,-0.0,-0.0,1.0,0.0,0.0,0,0,0,0,0,0,0,0,0,0,0
8.992581129074097,-0.0,0.5294384956359863,1.0,-0.0,-0.0,1.0,0.0,0.0,0,0,0,0,0,0,0,0,0,0,0
8.99420428276062,-0.0,0.5555827021598816,1.0,-0.0,-0.0,1.0,0.0,0.0,0,0,0,0,0,0,0,0,0,0,0
9.009776592254639,-0.0,0.5642974376678467,1.0,-0.0,-0.0,1.0,0.0,0.0,0,0,0,0,0,0,0,0,0,0,0
9.017776489257812,-0.0,0.5817268490791321,1.0,-0.0,-0.0,1.0,0.0,0.0,0,0,0,0,0,0,0,0,0,0,0
9.057772874832153,-0.0,0.5381532311439514,1.0,-0.0,-0.0,1.0,0.0,0.0,0,0,0,0,0,0,0,0,0,0,0
9.062137603759766,-0.0,0.5120090246200562,1.0,-0.0,-0.0,1.0,0.0,0.0,0,0,0,0,0,0,0,0,0,0,0
9.06740427017212,-0.0,0.49457958340644836,1.0,-0.0,-0.0,1.0,0.0,0.0,0,0,0,0,0,0,0,0,0,0,0
9.071576356887817,-0.0,0.4510059356689453,1.0,-0.0,-0.0,1.0,0.0,0.0,0,0,0,0,0,0,0,0,0,0,0
9.07410192489624,-0.0,0.41614699363708496,1.0,-0.0,-0.0,1.0,0.0,0.0,0,0,0,0,0,0,0,0,0,0,0
9.077931880950928,-0.0,0.3638586103916168,1.0,-0.0,-0.0,1.0,0.0,0.0,0,0,0,0,0,0,0,0,0,0,0
9.08253526687622,-0.0,0.32028496265411377,1.0,-0.0,-0.0,1.0,0.0,0.0,0,0,0,0,0,0,0,0,0,0,0
9.08699631690979,-0.0,0.25928187370300293,1.0,-0.0,-0.0,1.0,0.0,0.0,0,0,0,0,0,0,0,0,0,0,0
9.090815305709839,-0.0,0.1982787549495697,1.0,-0.0,-0.0,1.0,0.0,0.0,0,0,0,0,0,0,0,0,0,0,0
9.093981504440308,-0.0,0.15470510721206665,1.0,-0.0,-0.0,1.0,0.0,0.0,0,0,0,0,0,0,0,0,0,0,0
9.099568367004395,-0.0,0.08498726785182953,1.0,-0.0,-0.0,1.0,0.0,0.0,0,0,0,0,0,0,0,0,0,0,0
9.102526664733887,-0.0,0.015269427560269833,1.0,-0.0,-0.0,1.0,0.0,0.0,0,0,0,0,0,0,0,0,0,0,0
9.106017827987671,-0.0,-0.0,1.0,-0.0,-0.0,1.0,0.0,0.0,0,0,0,0,0,0,0,0,0,0,0
9.165452241897583,-0.0,-0.0,1.0,-0.0,-0.0,1.0,0.0,0.0,0,0,0,0,0,0,0,0,0,0,0
9.216295957565308,-0.0,-0.0,1.0,-0.0,-0.0,1.0,0.0,0.0,0,0,0,0,0,0,0,0,0,0,0
9.267096757888794,-0.0,-0.0,1.0,-0.0,-0.0,1.0,0.0,0.0,0,0,0,0,0,0,0,0,0,0,0
9.317179679870605,-0.0,-0.0,1.0,-0.0,-0.0,1.0,0.0,0.0,0,0,0,0,0,0,0,0,0,0,0
9.37017011642456,-0.0,-0.006520788185298443,1.0,-0.0,-0.0,1.0,0.0,0.0,0,0,0,0,0,0,0,0,0,0,0
9.374019145965576,-0.0,-0.015235518105328083,1.0,-0.0,-0.0,1.0,0.0,0.0,0,0,0,0,0,0,0,0,0,0,0
9.38222336769104,-0.0,-0.03266497701406479,1.0,-0.0,-0.0,1.0,0.0,0.0,0,0,0,0,0,0,0,0,0,0,0
9.390498876571655,-0.0,-0.04137970879673958,1.0,-0.0,-0.0,1.0,0.0,0.0,0,0,0,0,0,0,0,0,0,0,0
9.3960280418396,-0.0,-0.06752389669418335,1.0,-0.0,-0.0,1.0,0.0,0.0,0,0,0,0,0,0,0,0,0,0,0
9.398052215576172,-0.0,-0.08495336025953293,1.0,-0.0,-0.0,1.0,0.0,0.0,0,0,0,0,0,0,0,0,0,0,0
9.402125835418701,-0.0,-0.09366808831691742,1.0,-0.0,-0.0,1.0,0.0,0.0,0,0,0,0,0,0,0,0,0,0,0
9.406394958496094,-0.0,-0.1110975444316864,1.0,-0.0,-0.0,1.0,0.0,0.0,0,0,0,0,0,0,0,0,0,0,0
9.412219285964966,-0.0,-0.13724173605442047,1.0,-0.0,-0.0,1.0,0.0,0.0,0,0,0,0,0,0,0,0,0,0,0
9.413678884506226,-0.0,-0.18081538379192352,1.0,-0.0,-0.0,1.0,0.0,0.0,0,0,0,0,0,0,0,0,0,0,0
9.417725086212158,-0.0,-0.2069595754146576,1.0,-0.0,-0.0,1.0,0.0,0.0,0,0,0,0,0,0,0,0,0,0,0
9.424197912216187,-0.0,-0.23310376703739166,1.0,-0.0,-0.0,1.0,0.0,0.0,0,0,0,0,0,0,0,0,0,0,0
9.426249265670776,-0.0,-0.24181850254535675,1.0,-0.0,-0.0,1.0,0.0,0.0,0,0,0,0,0,0,0,0,0,0,0
9.429875612258911,-0.0,-0.2679626941680908,1.0,-0.0,-0.0,1.0,0.0,0.0,0,0,0,0,0,0,0,0,0,0,0
9.435235261917114,-0.0,-0.2853921353816986,1.0,-0.0,-0.0,1.0,0.0,0.0,0,0,0,0,0,0,0,0,0,0,0
9.439476013183594,-0.0,-0.2941068708896637,1.0,-0.0,-0.0,1.0,0.0,0.0,0,0,0,0,0,0,0,0,0,0,0
9.44206190109253,-0.0,-0.32025107741355896,1.0,-0.0,-0.0,1.0,0.0,0.0,0,0,0,0,0,0,0,0,0,0,0
9.446001768112183,-0.0,-0.33768051862716675,1.0,-0.0,-0.0,1.0,0.0,0.0,0,0,0,0,0,0,0,0,0,0,0
9.449918746948242,-0.0,-0.34639525413513184,1.0,-0.0,-0.0,1.0,0.0,0.0,0,0,0,0,0,0,0,0,0,0,0
9.454198122024536,-0.0,-0.363824725151062,1.0,-0.0,-0.0,1.0,0.0,0.0,0,0,0,0,0,0,0,0,0,0,0
9.457860708236694,-0.0,-0.3812541663646698,1.0,-0.0,-0.0,1.0,0.0,0.0,0,0,0,0,0,0,0,0,0,0,0
9.46229362487793,-0.0,-0.3899689018726349,1.0,-0.0,-0.0,1.0,0.0,0.0,0,0,0,0,0,0,0,0,0,0,0
9.470532417297363,-0.0,-0.40739837288856506,1.0,-0.0,-0.0,1.0,0.0,0.0,0,0,0,0,0,0,0,0,0,0,0
9.473795413970947,-0.0,-0.41611310839653015,1.0,-0.0,-0.0,1.0,0.0,0.0,0,0,0,0,0,0,0,0,0,0,0
9.477753162384033,-0.0,-0.43354254961013794,1.0,-0.0,-0.0,1.0,0.0,0.0,0,0,0,0,0,0,0,0,0,0,0
9.489850521087646,-0.0,-0.442257285118103,1.0,-0.0,-0.0,1.0,0.0,0.0,0,0,0,0,0,0,0,0,0,0,0
9.529938697814941,-0.0,-0.40739837288856506,1.0,-0.0,-0.0,1.0,0.0,0.0,0,0,0,0,0,0,0,0,0,0,0
9.534821510314941,-0.0,-0.3812541663646698,1.0,-0.0,-0.0,1.0,0.0,0.0,0,0,0,0,0,0,0,0,0,0,0
9.538818836212158,-0.0,-0.32025107741355896,1.0,-0.0,-0.0,1.0,0.0,0.0,0,0,0,0,0,0,0,0,0,0,0
9.541880369186401,-0.0,-0.2679626941680908,1.0,-0.0,-0.0,1.0,0.0,0.0,0,0,0,0,0,0,0,0,0,0,0
9.54660177230835,-0.0,-0.1895301192998886,1.0,-0.0,-0.0,1.0,0.0,0.0,0,0,0,0,0,0,0,0,0,0,0
9.550558090209961,-0.0,-0.06752389669418335,1.0,-0.0,-0.0,1.0,0.0,0.0,0,0,0,0,0,0,0,0,0,0,0
9.554448127746582,-0.0,-0.0,1.0,-0.0,-0.0,1.0,0.0,0.0,0,0,0,0,0,0,0,0,0,0,0
9.607898950576782,-0.0,-0.0,1.0,-0.0,-0.0,1.0,0.0,0.0,0,0,0,0,0,0,0,0,0,0,0
9.65887451171875,-0.0,-0.0,1.0,-0.0,-0.0,1.0,0.0,0.0,0,0,0,0,0,0,0,0,0,0,0
9.709055662155151,-0.0,-0.0,1.0,-0.0,-0.0,1.0,0.0,0.0,0,0,0,0,0,0,0,0,0,0,0
9.734535694122314,-0.0,0.006554697640240192,1.0,-0.0,-0.0,1.0,0.0,0.0,0,0,0,0,0,0,0,0,0,0,0
9.738886594772339,-0.0,0.04141361638903618,1.0,-0.0,-0.0,1.0,0.0,0.0,0,0,0,0,0,0,0,0,0,0,0
9.742629528045654,-0.0,0.08498726785182953,1.0,-0.0,-0.0,1.0,0.0,0.0,0,0,0,0,0,0,0,0,0,0,0
9.746565580368042,-0.0,0.12856091558933258,1.0,-0.0,-0.0,1.0,0.0,0.0,0,0,0,0,0,0,0,0,0,0,0
9.74994444847107,-0.0,0.17213456332683563,1.0,-0.0,-0.0,1.0,0.0,0.0,0,0,0,0,0,0,0,0,0,0,0
9.75556468963623,-0.0,0.2069934904575348,1.0,-0.0,-0.0,1.0,0.0,0.0,0,0,0,0,0,0,0,0,0,0,0
9.758268594741821,-0.0,0.2767113149166107,1.0,-0.0,-0.0,1.0,0.0,0.0,0,0,0,0,0,0,0,0,0,0,0
9.76258897781372,-0.0,0.32028496265411377,1.0,-0.0,-0.0,1.0,0.0,0.0,0,0,0,0,0,0,0,0,0,0,0
9.766290187835693,-0.0,0.3725733458995819,1.0,-0.0,-0.0,1.0,0.0,0.0,0,0,0,0,0,0,0,0,0,0,0
9.770102977752686,-0.0,0.5032942891120911,1.0,-0.0,-0.0,1.0,0.0,0.0,0,0,0,0,0,0,0,0,0,0,0
9.774159669876099,-0.0,0.5642974376678467,1.0,-0.0,-0.0,1.0,0.0,0.0,0,0,0,0,0,0,0,0,0,0,0
9.777979612350464,-0.0,0.6165857911109924,1.0,-0.0,-0.0,1.0,0.0,0.0,0,0,0,0,0,0,0,0,0,0,0
9.782055139541626,-0.0,0.6863036155700684,1.0,-0.0,-0.0,1.0,0.0,0.0,0,0,0,0,0,0,0,0,0,0,0
9.78654170036316,-0.0,0.7298772931098938,1.0,-0.0,-0.0,1.0,0.0,0.0,0,0,0,0,0,0,0,0,0,0,0
9.791133165359497,-0.0,0.7734509110450745,1.0,-0.0,-0.0,1.0,0.0,0.0,0,0,0,0,0,0,0,0,0,0,0
9.793760776519775,-0.0,0.8083098530769348,1.0,-0.0,-0.0,1.0,0.0,0.0,0,0,0,0,0,0,0,0,0,0,0
9.798935890197754,-0.0,0.8518834710121155,1.0,-0.0,-0.0,1.0,0.0,0.0,0,0,0,0,0,0,0,0,0,0,0
9.802720069885254,-0.0,0.8867424130439758,1.0,-0.0,-0.0,1.0,0.0,0.0,0,0,0,0,0,0,0,0,0,0,0
9.815178155899048,-0.0,0.9128866195678711,1.0,-0.0,-0.0,1.0,0.0,0.0,0,0,0,0,0,0,0,0,0,0,0
9.818104982376099,-0.0,0.9913191795349121,1.0,-0.0,-0.0,1.0,0.0,0.0,0,0,0,0,0,0,0,0,0,0,0
9.821735620498657,-0.0,1.0,1.0,-0.0,-0.0,1.0,0.0,0.0,0,0,0,0,0,0,0,0,0,0,0
9.86617374420166,-0.0,0.9216013550758362,1.0,-0.0,-0.0,1.0,0.0,0.0,0,0,0,0,0,0,0,0,0,0,0
9.871623754501343,-0.0,0.8867424130439758,1.0,-0.0,-0.0,1.0,0.0,0.0,0,0,0,0,0,0,0,0,0,0,0
9.874269247055054,-0.0,0.8083098530769348,1.0,-0.0,-0.0,1.0,0.0,0.0,0,0,0,0,0,0,0,0,0,0,0
9.878309965133667,-0.0,0.7211625576019287,1.0,-0.0,-0.0,1.0,0.0,0.0,0,0,0,0,0,0,0,0,0,0,0
9.885932445526123,-0.0,0.6078710556030273,1.0,-0.0,-0.0,1.0,0.0,0.0,0,0,0,0,0,0,0,0,0,0,0
9.891201734542847,-0.0,0.31157025694847107,1.0,-0.0,-0.0,1.0,0.0,0.0,0,0,0,0,0,0,0,0,0,0,0
9.893919706344604,-0.0,0.14599037170410156,1.0,-0.0,-0.0,1.0,0.0,0.0,0,0,0,0,0,0,0,0,0,0,0
9.903553485870361,-0.0,-0.0,1.0,-0.0,-0.0,1.0,0.0,0.0,0,0,0,0,0,0,0,0,0,0,0
9.957257509231567,-0.0,-0.0,1.0,-0.0,-0.0,1.0,0.0,0.0,0,0,0,0,0,0,0,0,0,0,0
9.9744713306427,-0.0,-0.006520788185298443,1.0,-0.0,-0.0,1.0,0.0,0.0,0,0,0,0,0,0,0,0,0,0,0
9.978350162506104,-0.0,-0.04137970879673958,1.0,-0.0,-0.0,1.0,0.0,0.0,0,0,0,0,0,0,0,0,0,0,0
9.982046604156494,-0.0,-0.06752389669418335,1.0,-0.0,-0.0,1.0,0.0,0.0,0,0,0,0,0,0,0,0,0,0,0
9.986883640289307,-0.0,-0.1110975444316864,1.0,-0.0,-0.0,1.0,0.0,0.0,0,0,0,0,0,0,0,0,0,0,0
9.992033958435059,-0.0,-0.13724173605442047,1.0,-0.0,-0.0,1.0,0.0,0.0,0,0,0,0,0,0,0,0,0,0,0
9.994717121124268,-0.0,-0.18081538379192352,1.0,-0.0,-0.0,1.0,0.0,0.0,0,0,0,0,0,0,0,0,0,0,0
9.998605251312256,-0.0,-0.2069595754146576,1.0,-0.0,-0.0,1.0,0.0,0.0,0,0,0,0,0,0,0,0,0,0,0
10.002621173858643,-0.0,-0.21567431092262268,1.0,-0.0,-0.0,1.0,0.0,0.0,0,0,0,0,0,0,0,0,0,0,0
10.008787631988525,-0.0,-0.23310376703739166,1.0,-0.0,-0.0,1.0,0.0,0.0,0,0,0,0,0,0,0,0,0,0,0
10.010770320892334,-0.0,-0.24181850254535675,1.0,-0.0,-0.0,1.0,0.0,0.0,0,0,0,0,0,0,0,0,0,0,0
10.014535188674927,-0.0,-0.25924795866012573,1.0,-0.0,-0.0,1.0,0.0,0.0,0,0,0,0,0,0,0,0,0,0,0
10.018854141235352,-0.0,-0.2679626941680908,1.0,-0.0,-0.0,1.0,0.0,0.0,0,0,0,0,0,0,0,0,0,0,0
10.05093502998352,-0.0,-0.2069595754146576,1.0,-0.0,-0.0,1.0,0.0,0.0,0,0,0,0,0,0,0,0,0,0,0
10.054203271865845,-0.0,-0.11981227993965149,1.0,-0.0,-0.0,1.0,0.0,0.0,0,0,0,0,0,0,0,0,0,0,0
10.058611154556274,-0.0,-0.015235518105328083,1.0,-0.0,-0.0,1.0,0.0,0.0,0,0,0,0,0,0,0,0,0,0,0
10.061788082122803,-0.0,-0.0,1.0,-0.0,-0.0,1.0,0.0,0.0,0,0,0,0,0,0,0,0,0,0,0
10.114005088806152,-0.0,-0.0,1.0,-0.0,-0.0,1.0,0.0,0.0,0,0,0,0,0,0,0,0,0,0,0
10.122697830200195,-0.0,0.015269427560269833,1.0,-0.0,-0.0,1.0,0.0,0.0,0,0,0,0,0,0,0,0,0,0,0
10.126566886901855,-0.0,0.08498726785182953,1.0,-0.0,-0.0,1.0,0.0,0.0,0,0,0,0,0,0,0,0,0,0,0
10.131808757781982,-0.0,0.15470510721206665,1.0,-0.0,-0.0,1.0,0.0,0.0,0,0,0,0,0,0,0,0,0,0,0
10.134469509124756,-0.0,0.22442294657230377,1.0,-0.0,-0.0,1.0,0.0,0.0,0,0,0,0,0,0,0,0,0,0,0
10.138795852661133,-0.0,0.31157025694847107,1.0,-0.0,-0.0,1.0,0.0,0.0,0,0,0,0,0,0,0,0,0,0,0
10.142159461975098,-0.0,0.3900028169155121,1.0,-0.0,-0.0,1.0,0.0,0.0,0,0,0,0,0,0,0,0,0,0,0
10.145889043807983,-0.0,0.4771501123905182,1.0,-0.0,-0.0,1.0,0.0,0.0,0,0,0,0,0,0,0,0,0,0,0
10.150858402252197,-0.0,0.5642974376678467,1.0,-0.0,-0.0,1.0,0.0,0.0,0,0,0,0,0,0,0,0,0,0,0
10.154545068740845,-0.0,0.6427299976348877,1.0,-0.0,-0.0,1.0,0.0,0.0,0,0,0,0,0,0,0,0,0,0,0
10.158480882644653,-0.0,0.6950183510780334,1.0,-0.0,-0.0,1.0,0.0,0.0,0,0,0,0,0,0,0,0,0,0,0
10.161974906921387,-0.0,0.747306764125824,1.0,-0.0,-0.0,1.0,0.0,0.0,0,0,0,0,0,0,0,0,0,0,0
10.167537689208984,-0.0,0.7734509110450745,1.0,-0.0,-0.0,1.0,0.0,0.0,0,0,0,0,0,0,0,0,0,0,0
10.170305490493774,-0.0,0.7821656465530396,1.0,-0.0,-0.0,1.0,0.0,0.0,0,0,0,0,0,0,0,0,0,0,0
10.175733804702759,-0.0,0.7995951175689697,1.0,-0.0,-0.0,1.0,0.0,0.0,0,0,0,0,0,0,0,0,0,0,0
10.197860479354858,-0.0,0.747306764125824,1.0,-0.0,-0.0,1.0,0.0,0.0,0,0,0,0,0,0,0,0,0,0,0
10.202036142349243,-0.0,0.6950183510780334,1.0,-0.0,-0.0,1.0,0.0,0.0,0,0,0,0,0,0,0,0,0,0,0
10.206566333770752,-0.0,0.6078710556030273,1.0,-0.0,-0.0,1.0,0.0,0.0,0,0,0,0,0,0,0,0,0,0,0
10.209908962249756,-0.0,0.5120090246200562,1.0,-0.0,-0.0,1.0,0.0,0.0,0,0,0,0,0,0,0,0,0,0,0
10.21392822265625,-0.0,0.41614699363708496,1.0,-0.0,-0.0,1.0,0.0,0.0,0,0,0,0,0,0,0,0,0,0,0
10.21786904335022,-0.0,0.2767113149166107,1.0,-0.0,-0.0,1.0,0.0,0.0,0,0,0,0,0,0,0,0,0,0,0
10.223960399627686,-0.0,0.09370199590921402,1.0,-0.0,-0.0,1.0,0.0,0.0,0,0,0,0,0,0,0,0,0,0,0
10.228705644607544,-0.0,-0.0,1.0,-0.0,-0.0,1.0,0.0,0.0,0,0,0,0,0,0,0,0,0,0,0
10.26667046546936,-0.0,-0.015235518105328083,1.0,-0.0,-0.0,1.0,0.0,0.0,0,0,0,0,0,0,0,0,0,0,0
10.274885892868042,-0.0,-0.09366808831691742,1.0,-0.0,-0.0,1.0,0.0,0.0,0,0,0,0,0,0,0,0,0,0,0
10.275126695632935,-0.0,-0.1895301192998886,1.0,-0.0,-0.0,1.0,0.0,0.0,0,0,0,0,0,0,0,0,0,0,0
10.277886152267456,-0.0,-0.24181850254535675,1.0,-0.0,-0.0,1.0,0.0,0.0,0,0,0,0,0,0,0,0,0,0,0
10.281848192214966,-0.0,-0.31153634190559387,1.0,-0.0,-0.0,1.0,0.0,0.0,0,0,0,0,0,0,0,0,0,0,0
10.2870454788208,-0.0,-0.3899689018726349,1.0,-0.0,-0.0,1.0,0.0,0.0,0,0,0,0,0,0,0,0,0,0,0
10.289853811264038,-0.0,-0.4596867561340332,1.0,-0.0,-0.0,1.0,0.0,0.0,0,0,0,0,0,0,0,0,0,0,0
10.294833898544312,-0.0,-0.520689845085144,1.0,-0.0,-0.0,1.0,0.0,0.0,0,0,0,0,0,0,0,0,0,0,0
10.298106908798218,-0.0,-0.5729782581329346,1.0,-0.0,-0.0,1.0,0.0,0.0,0,0,0,0,0,0,0,0,0,0,0
10.30457615852356,-0.0,-0.6339813470840454,1.0,-0.0,-0.0,1.0,0.0,0.0,0,0,0,0,0,0,0,0,0,0,0
10.306023836135864,-0.0,-0.6949844360351562,1.0,-0.0,-0.0,1.0,0.0,0.0,0,0,0,0,0,0,0,0,0,0,0
10.310713052749634,-0.0,-0.7385581135749817,1.0,-0.0,-0.0,1.0,0.0,0.0,0,0,0,0,0,0,0,0,0,0,0
10.313931941986084,-0.0,-0.764702320098877,1.0,-0.0,-0.0,1.0,0.0,0.0,0,0,0,0,0,0,0,0,0,0,0
10.318538904190063,-0.0,-0.7908464670181274,1.0,-0.0,-0.0,1.0,0.0,0.0,0,0,0,0,0,0,0,0,0,0,0
10.32254147529602,-0.015235518105328083,-0.7908464670181274,1.0,-0.0,-0.0,1.0,0.0,0.0,0,0,0,0,0,0,0,0,0,0,0
10.322772979736328,-0.015235518105328083,-0.8169906735420227,1.0,-0.0,-0.0,1.0,0.0,0.0,0,0,0,0,0,0,0,0,0,0,0
10.334578514099121,-0.04137970879673958,-0.8169906735420227,1.0,-0.0,-0.0,1.0,0.0,0.0,0,0,0,0,0,0,0,0,0,0,0
10.339118480682373,-0.05880916863679886,-0.8169906735420227,1.0,-0.0,-0.0,1.0,0.0,0.0,0,0,0,0,0,0,0,0,0,0,0
10.339354753494263,-0.05880916863679886,-0.7734169960021973,1.0,-0.0,-0.0,1.0,0.0,0.0,0,0,0,0,0,0,0,0,0,0,0
10.344292402267456,-0.08495336025953293,-0.7734169960021973,1.0,-0.0,-0.0,1.0,0.0,0.0,0,0,0,0,0,0,0,0,0,0,0
10.3445143699646,-0.08495336025953293,-0.7124139070510864,1.0,-0.0,-0.0,1.0,0.0,0.0,0,0,0,0,0,0,0,0,0,0,0
10.345890760421753,-0.09366808831691742,-0.7124139070510864,1.0,-0.0,-0.0,1.0,0.0,0.0,0,0,0,0,0,0,0,0,0,0,0
10.346106767654419,-0.09366808831691742,-0.59040766954422,1.0,-0.0,-0.0,1.0,0.0,0.0,0,0,0,0,0,0,0,0,0,0,0
10.351528644561768,-0.1110975444316864,-0.59040766954422,1.0,-0.0,-0.0,1.0,0.0,0.0,0,0,0,0,0,0,0,0,0,0,0
10.351688623428345,-0.1110975444316864,-0.4684014618396759,1.0,-0.0,-0.0,1.0,0.0,0.0,0,0,0,0,0,0,0,0,0,0,0
10.356576919555664,-0.1110975444316864,-0.31153634190559387,1.0,-0.0,-0.0,1.0,0.0,0.0,0,0,0,0,0,0,0,0,0,0,0
10.357990741729736,-0.1110975444316864,-0.14595647156238556,1.0,-0.0,-0.0,1.0,0.0,0.0,0,0,0,0,0,0,0,0,0,0,0
10.36192011833191,-0.04137970879673958,-0.14595647156238556,1.0,-0.0,-0.0,1.0,0.0,0.0,0,0,0,0,0,0,0,0,0,0,0
10.362144231796265,-0.04137970879673958,-0.0,1.0,-0.0,-0.0,1.0,0.0,0.0,0,0,0,0,0,0,0,0,0,0,0
10.395580291748047,-0.0,-0.0,1.0,-0.0,-0.0,1.0,0.0,0.0,0,0,0,0,0,0,0,0,0,0,0
10.398895502090454,-0.0,0.2767113149166107,1.0,-0.0,-0.0,1.0,0.0,0.0,0,0,0,0,0,0,0,0,0,0,0
10.402352094650269,-0.0,0.3638586103916168,1.0,-0.0,-0.0,1.0,0.0,0.0,0,0,0,0,0,0,0,0,0,0,0
10.406924486160278,0.05012834817171097,0.3638586103916168,1.0,-0.0,-0.0,1.0,0.0,0.0,0,0,0,0,0,0,0,0,0,0,0
10.407066583633423,0.05012834817171097,0.4684353768825531,1.0,-0.0,-0.0,1.0,0.0,0.0,0,0,0,0,0,0,0,0,0,0,0
10.414166927337646,0.10241672396659851,0.4684353768825531,1.0,-0.0,-0.0,1.0,0.0,0.0,0,0,0,0,0,0,0,0,0,0,0
10.414323329925537,0.10241672396659851,0.5642974376678467,1.0,-0.0,-0.0,1.0,0.0,0.0,0,0,0,0,0,0,0,0,0,0,0
10.420562267303467,0.24185240268707275,0.5642974376678467,1.0,-0.0,-0.0,1.0,0.0,0.0,0,0,0,0,0,0,0,0,0,0,0
10.420809030532837,0.24185240268707275,0.7734509110450745,1.0,-0.0,-0.0,1.0,0.0,0.0,0,0,0,0,0,0,0,0,0,0,0
10.42458176612854,0.31157025694847107,0.7734509110450745,1.0,-0.0,-0.0,1.0,0.0,0.0,0,0,0,0,0,0,0,0,0,0,0
10.424698829650879,0.31157025694847107,0.8867424130439758,1.0,-0.0,-0.0,1.0,0.0,0.0,0,0,0,0,0,0,0,0,0,0,0
10.426130771636963,0.3638586103916168,0.8867424130439758,1.0,-0.0,-0.0,1.0,0.0,0.0,0,0,0,0,0,0,0,0,0,0,0
10.42631983757019,0.3638586103916168,0.9738897085189819,1.0,-0.0,-0.0,1.0,0.0,0.0,0,0,0,0,0,0,0,0,0,0,0
10.430989742279053,0.3638586103916168,0.9913191795349121,1.0,-0.0,-0.0,1.0,0.0,0.0,0,0,0,0,0,0,0,0,0,0,0
10.438731670379639,0.3638586103916168,1.0,1.0,-0.0,-0.0,1.0,0.0,0.0,0,0,0,0,0,0,0,0,0,0,0
10.451987266540527,0.2941407859325409,1.0,1.0,-0.0,-0.0,1.0,0.0,0.0,0,0,0,0,0,0,0,0,0,0,0
10.45453929901123,0.267996609210968,1.0,1.0,-0.0,-0.0,1.0,0.0,0.0,0,0,0,0,0,0,0,0,0,0,0
10.45946216583252,0.23313768208026886,1.0,1.0,-0.0,-0.0,1.0,0.0,0.0,0,0,0,0,0,0,0,0,0,0,0
10.462256669998169,0.16341984272003174,1.0,1.0,-0.0,-0.0,1.0,0.0,0.0,0,0,0,0,0,0,0,0,0,0,0
10.466402530670166,0.10241672396659851,1.0,1.0,-0.0,-0.0,1.0,0.0,0.0,0,0,0,0,0,0,0,0,0,0,0
10.466964960098267,0.10241672396659851,0.9390308260917664,1.0,-0.0,-0.0,1.0,0.0,0.0,0,0,0,0,0,0,0,0,0,0,0
10.473487377166748,0.023984156548976898,0.9390308260917664,1.0,-0.0,-0.0,1.0,0.0,0.0,0,0,0,0,0,0,0,0,0,0,0
10.473857641220093,0.023984156548976898,0.8605982065200806,1.0,-0.0,-0.0,1.0,0.0,0.0,0,0,0,0,0,0,0,0,0,0,0
10.473983526229858,-0.0,0.8605982065200806,1.0,-0.0,-0.0,1.0,0.0,0.0,0,0,0,0,0,0,0,0,0,0,0
10.474040985107422,-0.0,0.7298772931098938,1.0,-0.0,-0.0,1.0,0.0,0.0,0,0,0,0,0,0,0,0,0,0,0
10.478998184204102,-0.0,0.5642974376678467,1.0,-0.0,-0.0,1.0,0.0,0.0,0,0,0,0,0,0,0,0,0,0,0
10.482821226119995,-0.0,0.3638586103916168,1.0,-0.0,-0.0,1.0,0.0,0.0,0,0,0,0,0,0,0,0,0,0,0
10.485888004302979,-0.0,0.15470510721206665,1.0,-0.0,-0.0,1.0,0.0,0.0,0,0,0,0,0,0,0,0,0,0,0
10.490974187850952,-0.0,-0.0,1.0,-0.0,-0.0,1.0,0.0,0.0,0,0,0,0,0,0,0,0,0,0,0
10.52671194076538,-0.0,-0.015235518105328083,1.0,-0.0,-0.0,1.0,0.0,0.0,0,0,0,0,0,0,0,0,0,0,0
10.530899047851562,-0.0,-0.05880916863679886,1.0,-0.0,-0.0,1.0,0.0,0.0,0,0,0,0,0,0,0,0,0,0,0
10.53477168083191,-0.015235518105328083,-0.05880916863679886,1.0,-0.0,-0.0,1.0,0.0,0.0,0,0,0,0,0,0,0,0,0,0,0
10.534922122955322,-0.015235518105328083,-0.1110975444316864,1.0,-0.0,-0.0,1.0,0.0,0.0,0,0,0,0,0,0,0,0,0,0,0
10.539059400558472,-0.02395024709403515,-0.1110975444316864,1.0,-0.0,-0.0,1.0,0.0,0.0,0,0,0,0,0,0,0,0,0,0,0
10.53940749168396,-0.02395024709403515,-0.16338592767715454,1.0,-0.0,-0.0,1.0,0.0,0.0,0,0,0,0,0,0,0,0,0,0,0
10.543095350265503,-0.05880916863679886,-0.16338592767715454,1.0,-0.0,-0.0,1.0,0.0,0.0,0,0,0,0,0,0,0,0,0,0,0
10.543267488479614,-0.05880916863679886,-0.2069595754146576,1.0,-0.0,-0.0,1.0,0.0,0.0,0,0,0,0,0,0,0,0,0,0,0
10.545849561691284,-0.1110975444316864,-0.2069595754146576,1.0,-0.0,-0.0,1.0,0.0,0.0,0,0,0,0,0,0,0,0,0,0,0
10.546027421951294,-0.1110975444316864,-0.25924795866012573,1.0,-0.0,-0.0,1.0,0.0,0.0,0,0,0,0,0,0,0,0,0,0,0
10.550179719924927,-0.15467119216918945,-0.25924795866012573,1.0,-0.0,-0.0,1.0,0.0,0.0,0,0,0,0,0,0,0,0,0,0,0
10.550347089767456,-0.15467119216918945,-0.31153634190559387,1.0,-0.0,-0.0,1.0,0.0,0.0,0,0,0,0,0,0,0,0,0,0,0
10.555617094039917,-0.18081538379192352,-0.31153634190559387,1.0,-0.0,-0.0,1.0,0.0,0.0,0,0,0,0,0,0,0,0,0,0,0
10.555830478668213,-0.18081538379192352,-0.3812541663646698,1.0,-0.0,-0.0,1.0,0.0,0.0,0,0,0,0,0,0,0,0,0,0,0
10.557927370071411,-0.23310376703739166,-0.3812541663646698,1.0,-0.0,-0.0,1.0,0.0,0.0,0,0,0,0,0,0,0,0,0,0,0
10.55807614326477,-0.23310376703739166,-0.43354254961013794,1.0,-0.0,-0.0,1.0,0.0,0.0,0,0,0,0,0,0,0,0,0,0,0
10.56233286857605,-0.2766774296760559,-0.43354254961013794,1.0,-0.0,-0.0,1.0,0.0,0.0,0,0,0,0,0,0,0,0,0,0,0
10.562578916549683,-0.2766774296760559,-0.4858309328556061,1.0,-0.0,-0.0,1.0,0.0,0.0,0,0,0,0,0,0,0,0,0,0,0
10.566238403320312,-0.32025107741355896,-0.4858309328556061,1.0,-0.0,-0.0,1.0,0.0,0.0,0,0,0,0,0,0,0,0,0,0,0
10.566497802734375,-0.32025107741355896,-0.511975109577179,1.0,-0.0,-0.0,1.0,0.0,0.0,0,0,0,0,0,0,0,0,0,0,0
10.571934461593628,-0.34639525413513184,-0.511975109577179,1.0,-0.0,-0.0,1.0,0.0,0.0,0,0,0,0,0,0,0,0,0,0,0
10.572152614593506,-0.34639525413513184,-0.5381193161010742,1.0,-0.0,-0.0,1.0,0.0,0.0,0,0,0,0,0,0,0,0,0,0,0
10.573914289474487,-0.3725394308567047,-0.5381193161010742,1.0,-0.0,-0.0,1.0,0.0,0.0,0,0,0,0,0,0,0,0,0,0,0
10.574087381362915,-0.3725394308567047,-0.5642635226249695,1.0,-0.0,-0.0,1.0,0.0,0.0,0,0,0,0,0,0,0,0,0,0,0
10.578202962875366,-0.3986836373806,-0.5642635226249695,1.0,-0.0,-0.0,1.0,0.0,0.0,0,0,0,0,0,0,0,0,0,0,0
10.58214783668518,-0.41611310839653015,-0.5642635226249695,1.0,-0.0,-0.0,1.0,0.0,0.0,0,0,0,0,0,0,0,0,0,0,0
10.586445331573486,-0.442257285118103,-0.5642635226249695,1.0,-0.0,-0.0,1.0,0.0,0.0,0,0,0,0,0,0,0,0,0,0,0
10.594444274902344,-0.4684014618396759,-0.5642635226249695,1.0,-0.0,-0.0,1.0,0.0,0.0,0,0,0,0,0,0,0,0,0,0,0
10.594609498977661,-0.4684014618396759,-0.520689845085144,1.0,-0.0,-0.0,1.0,0.0,0.0,0,0,0,0,0,0,0,0,0,0,0
10.594664812088013,-0.4858309328556061,-0.520689845085144,1.0,-0.0,-0.0,1.0,0.0,0.0,0,0,0,0,0,0,0,0,0,0,0
10.59470009803772,-0.4858309328556061,-0.4858309328556061,1.0,-0.0,-0.0,1.0,0.0,0.0,0,0,0,0,0,0,0,0,0,0,0
10.597965955734253,-0.4858309328556061,-0.3899689018726349,1.0,-0.0,-0.0,1.0,0.0,0.0,0,0,0,0,0,0,0,0,0,0,0
10.601928234100342,-0.4858309328556061,-0.2941068708896637,1.0,-0.0,-0.0,1.0,0.0,0.0,0,0,0,0,0,0,0,0,0,0,0
10.606217384338379,-0.4858309328556061,-0.2069595754146576,1.0,-0.0,-0.0,1.0,0.0,0.0,0,0,0,0,0,0,0,0,0,0,0
10.609973907470703,-0.3899689018726349,-0.2069595754146576,1.0,-0.0,-0.0,1.0,0.0,0.0,0,0,0,0,0,0,0,0,0,0,0
10.610102891921997,-0.3899689018726349,-0.04137970879673958,1.0,-0.0,-0.0,1.0,0.0,0.0,0,0,0,0,0,0,0,0,0,0,0
10.614150047302246,-0.2941068708896637,-0.04137970879673958,1.0,-0.0,-0.0,1.0,0.0,0.0,0,0,0,0,0,0,0,0,0,0,0
10.614384889602661,-0.2941068708896637,-0.0,1.0,-0.0,-0.0,1.0,0.0,0.0,0,0,0,0,0,0,0,0,0,0,0
10.617911338806152,-0.18081538379192352,-0.0,1.0,-0.0,-0.0,1.0,0.0,0.0,0,0,0,0,0,0,0,0,0,0,0
10.62223744392395,-0.04137970879673958,-0.0,1.0,-0.0,-0.0,1.0,0.0,0.0,0,0,0,0,0,0,0,0,0,0,0
10.625945091247559,-0.0,-0.0,1.0,-0.0,-0.0,1.0,0.0,0.0,0,0,0,0,0,0,0,0,0,0,0
10.626139163970947,-0.0,0.015269427560269833,1.0,-0.0,-0.0,1.0,0.0,0.0,0,0,0,0,0,0,0,0,0,0,0
10.63180422782898,-0.0,0.08498726785182953,1.0,-0.0,-0.0,1.0,0.0,0.0,0,0,0,0,0,0,0,0,0,0,0
10.634549617767334,-0.0,0.14599037170410156,1.0,-0.0,-0.0,1.0,0.0,0.0,0,0,0,0,0,0,0,0,0,0,0
10.637912034988403,-0.0,0.1982787549495697,1.0,-0.0,-0.0,1.0,0.0,0.0,0,0,0,0,0,0,0,0,0,0,0
10.64187240600586,-0.0,0.302855521440506,1.0,-0.0,-0.0,1.0,0.0,0.0,0,0,0,0,0,0,0,0,0,0,0
10.646606922149658,0.12856091558933258,0.302855521440506,1.0,-0.0,-0.0,1.0,0.0,0.0,0,0,0,0,0,0,0,0,0,0,0
10.647560119628906,0.12856091558933258,0.4684353768825531,1.0,-0.0,-0.0,1.0,0.0,0.0,0,0,0,0,0,0,0,0,0,0,0
10.652726411819458,0.21570821106433868,0.4684353768825531,1.0,-0.0,-0.0,1.0,0.0,0.0,0,0,0,0,0,0,0,0,0,0,0
10.65294885635376,0.21570821106433868,0.5642974376678467,1.0,-0.0,-0.0,1.0,0.0,0.0,0,0,0,0,0,0,0,0,0,0,0
10.654225826263428,0.2854260504245758,0.5642974376678467,1.0,-0.0,-0.0,1.0,0.0,0.0,0,0,0,0,0,0,0,0,0,0,0
10.65445065498352,0.2854260504245758,0.6601594686508179,1.0,-0.0,-0.0,1.0,0.0,0.0,0,0,0,0,0,0,0,0,0,0,0
10.662952899932861,0.3638586103916168,0.6601594686508179,1.0,-0.0,-0.0,1.0,0.0,0.0,0,0,0,0,0,0,0,0,0,0,0
10.663329839706421,0.3638586103916168,0.747306764125824,1.0,-0.0,-0.0,1.0,0.0,0.0,0,0,0,0,0,0,0,0,0,0,0
10.666935682296753,0.4422912001609802,0.747306764125824,1.0,-0.0,-0.0,1.0,0.0,0.0,0,0,0,0,0,0,0,0,0,0,0
10.670687198638916,0.4422912001609802,0.8344540596008301,1.0,-0.0,-0.0,1.0,0.0,0.0,0,0,0,0,0,0,0,0,0,0,0
10.670907258987427,0.5207237601280212,0.8344540596008301,1.0,-0.0,-0.0,1.0,0.0,0.0,0,0,0,0,0,0,0,0,0,0,0
10.670989751815796,0.5207237601280212,0.9128866195678711,1.0,-0.0,-0.0,1.0,0.0,0.0,0,0,0,0,0,0,0,0,0,0,0
10.69061803817749,0.4771501123905182,0.9128866195678711,1.0,-0.0,-0.0,1.0,0.0,0.0,0,0,0,0,0,0,0,0,0,0,0
10.694323778152466,0.42486172914505005,0.9128866195678711,1.0,-0.0,-0.0,1.0,0.0,0.0,0,0,0,0,0,0,0,0,0,0,0
10.694518327713013,0.42486172914505005,0.8780276775360107,1.0,-0.0,-0.0,1.0,0.0,0.0,0,0,0,0,0,0,0,0,0,0,0
10.698188066482544,0.32028496265411377,0.8780276775360107,1.0,-0.0,-0.0,1.0,0.0,0.0,0,0,0,0,0,0,0,0,0,0,0
10.698351383209229,0.32028496265411377,0.7821656465530396,1.0,-0.0,-0.0,1.0,0.0,0.0,0,0,0,0,0,0,0,0,0,0,0
10.701937437057495,0.2069934904575348,0.7821656465530396,1.0,-0.0,-0.0,1.0,0.0,0.0,0,0,0,0,0,0,0,0,0,0,0
10.702080011367798,0.2069934904575348,0.6427299976348877,1.0,-0.0,-0.0,1.0,0.0,0.0,0,0,0,0,0,0,0,0,0,0,0
10.706724882125854,0.05884307622909546,0.6427299976348877,1.0,-0.0,-0.0,1.0,0.0,0.0,0,0,0,0,0,0,0,0,0,0,0
10.706978559494019,0.05884307622909546,0.4510059356689453,1.0,-0.0,-0.0,1.0,0.0,0.0,0,0,0,0,0,0,0,0,0,0,0
10.710608005523682,-0.0,0.4510059356689453,1.0,-0.0,-0.0,1.0,0.0,0.0,0,0,0,0,0,0,0,0,0,0,0
10.710752725601196,-0.0,0.18084929883480072,1.0,-0.0,-0.0,1.0,0.0,0.0,0,0,0,0,0,0,0,0,0,0,0
10.714735269546509,-0.0,-0.0,1.0,-0.0,-0.0,1.0,0.0,0.0,0,0,0,0,0,0,0,0,0,0,0
10.77453088760376,-0.0,-0.0,1.0,-0.0,-0.0,1.0,0.0,0.0,0,0,0,0,0,0,0,0,0,0,0
10.82611894607544,-0.0,-0.0,1.0,-0.0,-0.0,1.0,0.0,0.0,0,0,0,0,0,0,0,0,0,0,0
10.876197814941406,-0.0,-0.0,1.0,-0.0,-0.0,1.0,0.0,0.0,0,0,0,0,0,0,0,0,0,0,0
10.926758766174316,-0.0,-0.0,1.0,-0.0,-0.0,1.0,0.0,0.0,0,0,0,0,0,0,0,0,0,0,0
10.97750210762024,-0.0,-0.0,1.0,-0.0,-0.0,1.0,0.0,0.0,0,0,0,0,0,0,0,0,0,0,0
11.076596975326538,-0.0,-0.0,1.0,-0.0,-0.0,1.0,0.0,0.0,0,0,0,0,0,0,0,0,0,0,0
11.127158164978027,-0.0,-0.0,1.0,-0.0,-0.0,1.0,0.0,0.0,0,0,0,0,0,0,0,0,0,0,0
11.17844009399414,-0.0,-0.0,1.0,-0.0,-0.0,1.0,0.0,0.0,0,0,0,0,0,0,0,0,0,0,0
11.228722095489502,-0.0,-0.0,1.0,-0.0,-0.0,1.0,0.0,0.0,0,0,0,0,0,0,0,0,0,0,0
11.278804540634155,-0.0,-0.0,1.0,-0.0,-0.0,1.0,0.0,0.0,0,0,0,0,0,0,0,0,0,0,0
11.329538345336914,-0.0,-0.0,1.0,-0.0,-0.0,1.0,0.0,0.0,0,0,0,0,0,0,0,0,0,0,0
11.379558801651001,-0.0,-0.0,1.0,-0.0,-0.0,1.0,0.0,0.0,0,0,0,0,0,0,0,0,0,0,0
11.429624319076538,-0.0,-0.0,1.0,-0.0,-0.0,1.0,0.0,0.0,0,0,0,0,0,0,0,0,0,0,0
11.48237419128418,-0.0,-0.0,1.0,-0.0,-0.0,1.0,0.0,0.0,0,0,0,0,0,0,0,0,0,0,0
11.518493413925171,-0.0,-0.0,1.0,-0.0,-0.015235518105328083,1.0,0.0,0.0,0,0,0,0,0,0,0,0,0,0,0
11.522217988967896,-0.0,-0.0,1.0,-0.0,-0.02395024709403515,1.0,0.0,0.0,0,0,0,0,0,0,0,0,0,0,0
11.526490449905396,-0.0,-0.0,1.0,-0.0,-0.03266497701406479,1.0,0.0,0.0,0,0,0,0,0,0,0,0,0,0,0
11.534017086029053,-0.0,-0.0,1.0,-0.0,-0.05009443685412407,1.0,0.0,0.0,0,0,0,0,0,0,0,0,0,0,0
11.538212776184082,-0.0,-0.0,1.0,-0.0,-0.05880916863679886,1.0,0.0,0.0,0,0,0,0,0,0,0,0,0,0,0
11.546485662460327,-0.0,-0.0,1.0,-0.0,-0.09366808831691742,1.0,0.0,0.0,0,0,0,0,0,0,0,0,0,0,0
11.550665140151978,-0.0,-0.0,1.0,-0.0,-0.1110975444316864,1.0,0.0,0.0,0,0,0,0,0,0,0,0,0,0,0
11.553935527801514,-0.0,-0.0,1.0,-0.0,-0.11981227993965149,1.0,0.0,0.0,0,0,0,0,0,0,0,0,0,0,0
11.56671690940857,-0.0,-0.0,1.0,-0.0,-0.13724173605442047,1.0,0.0,0.0,0,0,0,0,0,0,0,0,0,0,0
11.570829153060913,-0.0,-0.0,1.0,-0.0,-0.17210066318511963,1.0,0.0,0.0,0,0,0,0,0,0,0,0,0,0,0
11.57481861114502,-0.0,-0.0,1.0,-0.0,-0.18081538379192352,1.0,0.0,0.0,0,0,0,0,0,0,0,0,0,0,0
11.585979461669922,-0.0,-0.0,1.0,-0.0,-0.1982448399066925,1.0,0.0,0.0,0,0,0,0,0,0,0,0,0,0,0
11.614310026168823,-0.0,-0.0,1.0,-0.0,-0.24181850254535675,1.0,0.0,0.0,0,0,0,0,0,0,0,0,0,0,0
11.61905837059021,-0.0,-0.0,1.0,-0.0,-0.41611310839653015,1.0,0.0,0.0,0,0,0,0,0,0,0,0,0,0,0
11.622978448867798,-0.0,-0.0,1.0,-0.0,-0.42482781410217285,1.0,0.0,0.0,0,0,0,0,0,0,0,0,0,0,0
11.63084864616394,-0.0,-0.0,1.0,-0.0,-0.442257285118103,1.0,0.0,0.0,0,0,0,0,0,0,0,0,0,0,0
11.642553091049194,-0.0,-0.0,1.0,-0.0,-0.4509720206260681,1.0,0.0,0.0,0,0,0,0,0,0,0,0,0,0,0
11.693238019943237,-0.0,-0.0,1.0,-0.0,-0.4509720206260681,1.0,0.0,0.0,0,0,0,0,0,0,0,0,0,0,0
11.698651790618896,-0.0,-0.0,1.0,-0.0,-0.41611310839653015,1.0,0.0,0.0,0,0,0,0,0,0,0,0,0,0,0
11.702825546264648,-0.0,-0.0,1.0,-0.0,-0.3812541663646698,1.0,0.0,0.0,0,0,0,0,0,0,0,0,0,0,0
11.706552028656006,-0.0,-0.0,1.0,-0.0,-0.32896578311920166,1.0,0.0,0.0,0,0,0,0,0,0,0,0,0,0,0
11.710806608200073,-0.0,-0.0,1.0,-0.0,-0.2941068708896637,1.0,0.0,0.0,0,0,0,0,0,0,0,0,0,0,0
11.714367866516113,-0.0,-0.0,1.0,-0.0,-0.23310376703739166,1.0,0.0,0.0,0,0,0,0,0,0,0,0,0,0,0
11.71879529953003,-0.0,-0.0,1.0,-0.0,-0.18081538379192352,1.0,0.0,0.0,0,0,0,0,0,0,0,0,0,0,0
11.723619222640991,-0.0,-0.0,1.0,-0.0,-0.13724173605442047,1.0,0.0,0.0,0,0,0,0,0,0,0,0,0,0,0
11.726257801055908,-0.0,-0.0,1.0,-0.0,-0.05880916863679886,1.0,0.0,0.0,0,0,0,0,0,0,0,0,0,0,0
11.730022668838501,-0.0,-0.0,1.0,-0.0,-0.0,1.0,0.0,0.0,0,0,0,0,0,0,0,0,0,0,0
11.789185285568237,-0.0,-0.0,1.0,-0.0,-0.0,1.0,0.0,0.0,0,0,0,0,0,0,0,0,0,0,0
11.839476346969604,-0.0,-0.0,1.0,-0.0,-0.0,1.0,0.0,0.0,0,0,0,0,0,0,0,0,0,0,0
11.889622449874878,-0.0,-0.0,1.0,-0.0,-0.0,1.0,0.0,0.0,0,0,0,0,0,0,0,0,0,0,0
11.939830303192139,-0.0,-0.0,1.0,-0.0,-0.0,1.0,0.0,0.0,0,0,0,0,0,0,0,0,0,0,0
11.989933729171753,-0.0,-0.0,1.0,-0.0,-0.0,1.0,0.0,0.0,0,0,0,0,0,0,0,0,0,0,0
12.089453935623169,-0.0,-0.0,1.0,-0.0,-0.0,1.0,0.0,0.0,0,0,0,0,0,0,0,0,0,0,0
12.126879215240479,-0.0,-0.0,1.0,-0.0,0.015269427560269833,1.0,0.0,0.0,0,0,0,0,0,0,0,0,0,0,0
12.13232946395874,-0.0,-0.0,1.0,-0.0,0.05884307622909546,1.0,0.0,0.0,0,0,0,0,0,0,0,0,0,0,0
12.134025573730469,-0.0,-0.0,1.0,-0.0,0.11984618753194809,1.0,0.0,0.0,0,0,0,0,0,0,0,0,0,0,0
12.13822889328003,-0.0,-0.0,1.0,-0.0,0.18956401944160461,1.0,0.0,0.0,0,0,0,0,0,0,0,0,0,0,0
12.144164562225342,-0.0,-0.0,1.0,-0.0,0.267996609210968,1.0,0.0,0.0,0,0,0,0,0,0,0,0,0,0,0
12.146902322769165,-0.0,-0.0,1.0,-0.0,0.33771443367004395,1.0,0.0,0.0,0,0,0,0,0,0,0,0,0,0,0
12.154221773147583,-0.0,-0.0,1.0,-0.0,0.3900028169155121,1.0,0.0,0.0,0,0,0,0,0,0,0,0,0,0,0
12.158588409423828,-0.0,-0.0,1.0,-0.0,0.4510059356689453,1.0,0.0,0.0,0,0,0,0,0,0,0,0,0,0,0
12.163390398025513,-0.0,-0.0,1.0,-0.0,0.5120090246200562,1.0,0.0,0.0,0,0,0,0,0,0,0,0,0,0,0
12.171645641326904,-0.0,-0.0,1.0,-0.0,0.5555827021598816,1.0,0.0,0.0,0,0,0,0,0,0,0,0,0,0,0
12.171865940093994,-0.0,-0.0,1.0,-0.0,0.5991563200950623,1.0,0.0,0.0,0,0,0,0,0,0,0,0,0,0,0
12.174361228942871,-0.0,-0.0,1.0,-0.0,0.6253005266189575,1.0,0.0,0.0,0,0,0,0,0,0,0,0,0,0,0
12.178234577178955,-0.0,-0.0,1.0,-0.0,0.6514447331428528,1.0,0.0,0.0,0,0,0,0,0,0,0,0,0,0,0
12.18471908569336,-0.0,-0.0,1.0,-0.0,0.6863036155700684,1.0,0.0,0.0,0,0,0,0,0,0,0,0,0,0,0
12.186923027038574,-0.0,-0.0,1.0,-0.0,0.7124478220939636,1.0,0.0,0.0,0,0,0,0,0,0,0,0,0,0,0
12.190202951431274,-0.0,-0.0,1.0,-0.0,0.7385920286178589,1.0,0.0,0.0,0,0,0,0,0,0,0,0,0,0,0
12.195510149002075,-0.0,-0.0,1.0,-0.0,0.7560214996337891,1.0,0.0,0.0,0,0,0,0,0,0,0,0,0,0,0
12.198124408721924,-0.0,-0.0,1.0,-0.0,0.7734509110450745,1.0,0.0,0.0,0,0,0,0,0,0,0,0,0,0,0
12.226467370986938,-0.0,-0.0,1.0,-0.0,0.7385920286178589,1.0,0.0,0.0,0,0,0,0,0,0,0,0,0,0,0
12.230801820755005,-0.0,-0.0,1.0,-0.0,0.7298772931098938,1.0,0.0,0.0,0,0,0,0,0,0,0,0,0,0,0
12.235390901565552,-0.0,-0.0,1.0,-0.0,0.6950183510780334,1.0,0.0,0.0,0,0,0,0,0,0,0,0,0,0,0
12.23927927017212,-0.0,-0.0,1.0,-0.0,0.6514447331428528,1.0,0.0,0.0,0,0,0,0,0,0,0,0,0,0,0
12.24261736869812,-0.0,-0.0,1.0,-0.0,0.6253005266189575,1.0,0.0,0.0,0,0,0,0,0,0,0,0,0,0,0
12.246590614318848,-0.0,-0.0,1.0,-0.0,0.5555827021598816,1.0,0.0,0.0,0,0,0,0,0,0,0,0,0,0,0
12.250462770462036,-0.0,-0.0,1.0,-0.0,0.43357646465301514,1.0,0.0,0.0,0,0,0,0,0,0,0,0,0,0,0
12.255321979522705,-0.0,-0.0,1.0,-0.0,-0.0,1.0,0.0,0.0,0,0,0,0,0,0,0,0,0,0,0
12.258291959762573,-0.0,-0.0,1.0,-0.0,-0.05880916863679886,1.0,0.0,0.0,0,0,0,0,0,0,0,0,0,0,0
12.26230001449585,-0.0,-0.0,1.0,-0.0,-0.0,1.0,0.0,0.0,0,0,0,0,0,0,0,0,0,0,0
12.316455125808716,-0.0,-0.0,1.0,-0.0,-0.0,1.0,0.0,0.0,0,0,0,0,0,0,0,0,0,0,0
12.41711950302124,-0.0,-0.0,1.0,-0.0,-0.0,1.0,0.0,0.0,0,0,0,0,0,0,0,0,0,0,0
12.467206478118896,-0.0,-0.0,1.0,-0.0,-0.0,1.0,0.0,0.0,0,0,0,0,0,0,0,0,0,0,0
12.518391609191895,-0.0,-0.0,1.0,-0.0,-0.0,1.0,0.0,0.0,0,0,0,0,0,0,0,0,0,0,0
12.568735361099243,-0.0,-0.0,1.0,-0.0,-0.0,1.0,0.0,0.0,0,0,0,0,0,0,0,0,0,0,0
12.619035243988037,-0.0,-0.0,1.0,-0.0,-0.0,1.0,0.0,0.0,0,0,0,0,0,0,0,0,0,0,0
12.669848680496216,-0.0,-0.0,1.0,-0.0,-0.0,1.0,0.0,0.0,0,0,0,0,0,0,0,0,0,0,0
12.769407749176025,-0.0,-0.0,1.0,-0.0,-0.0,1.0,0.0,0.0,0,0,0,0,0,0,0,0,0,0,0
12.820089340209961,-0.0,-0.0,1.0,-0.0,-0.0,1.0,0.0,0.0,0,0,0,0,0,0,0,0,0,0,0
12.920253992080688,-0.0,-0.0,1.0,-0.0,-0.0,1.0,0.0,0.0,0,0,0,0,0,0,0,0,0,0,0
12.970776081085205,-0.0,-0.0,1.0,-0.0,-0.0,1.0,0.0,0.0,0,0,0,0,0,0,0,0,0,0,0
13.020964622497559,-0.0,-0.0,1.0,-0.0,-0.0,1.0,0.0,0.0,0,0,0,0,0,0,0,0,0,0,0
13.071093082427979,-0.0,-0.0,1.0,-0.0,-0.0,1.0,0.0,0.0,0,0,0,0,0,0,0,0,0,0,0
13.079045534133911,-0.0,-0.0,0.9564602375030518,-0.0,-0.0,1.0,0.0,0.0,0,0,0,0,0,0,0,0,0,0,0
13.0836341381073,-0.0,-0.0,0.8954571485519409,-0.0,-0.0,1.0,0.0,0.0,0,0,0,0,0,0,0,0,0,0,0
13.086701154708862,-0.0,-0.0,0.7995951175689697,-0.0,-0.0,1.0,0.0,0.0,0,0,0,0,0,0,0,0,0,0,0
13.090863466262817,-0.0,-0.0,0.7037330865859985,-0.0,-0.0,1.0,0.0,0.0,0,0,0,0,0,0,0,0,0,0,0
13.09516191482544,-0.0,-0.0,0.6078710556030273,-0.0,-0.0,1.0,0.0,0.0,0,0,0,0,0,0,0,0,0,0,0
13.102441787719727,-0.0,-0.0,0.4422912001609802,-0.0,-0.0,1.0,0.0,0.0,0,0,0,0,0,0,0,0,0,0,0
13.106931686401367,-0.0,-0.0,0.2854260504245758,-0.0,-0.0,1.0,0.0,0.0,0,0,0,0,0,0,0,0,0,0,0
13.110607624053955,-0.0,-0.0,0.15470510721206665,-0.0,-0.0,1.0,0.0,0.0,0,0,0,0,0,0,0,0,0,0,0
13.114640474319458,-0.0,-0.0,-0.0,-0.0,-0.0,1.0,0.0,0.0,0,0,0,0,0,0,0,0,0,0,0
13.12294054031372,-0.0,-0.0,-0.006520788185298443,-0.0,-0.0,1.0,0.0,0.0,0,0,0,0,0,0,0,0,0,0,0
13.12856411933899,-0.0,-0.0,-0.10238281637430191,-0.0,-0.0,1.0,0.0,0.0,0,0,0,0,0,0,0,0,0,0,0
13.131141901016235,-0.0,-0.0,-0.1982448399066925,-0.0,-0.0,1.0,0.0,0.0,0,0,0,0,0,0,0,0,0,0,0
13.13471245765686,-0.0,-0.0,-0.2941068708896637,-0.0,-0.0,1.0,0.0,0.0,0,0,0,0,0,0,0,0,0,0,0
13.139856100082397,-0.0,-0.0,-0.363824725151062,-0.0,-0.0,1.0,0.0,0.0,0,0,0,0,0,0,0,0,0,0,0
13.14247751235962,-0.0,-0.0,-0.42482781410217285,-0.0,-0.0,1.0,0.0,0.0,0,0,0,0,0,0,0,0,0,0,0
13.14645266532898,-0.0,-0.0,-0.4858309328556061,-0.0,-0.0,1.0,0.0,0.0,0,0,0,0,0,0,0,0,0,0,0
13.151048183441162,-0.0,-0.0,-0.5555487871170044,-0.0,-0.0,1.0,0.0,0.0,0,0,0,0,0,0,0,0,0,0,0
13.154357433319092,-0.0,-0.0,-0.6165518760681152,-0.0,-0.0,1.0,0.0,0.0,0,0,0,0,0,0,0,0,0,0,0
13.158949375152588,-0.0,-0.0,-0.6862697005271912,-0.0,-0.0,1.0,0.0,0.0,0,0,0,0,0,0,0,0,0,0,0
13.162781476974487,-0.0,-0.0,-0.7124139070510864,-0.0,-0.0,1.0,0.0,0.0,0,0,0,0,0,0,0,0,0,0,0
13.16812014579773,-0.0,-0.0,-0.7472728490829468,-0.0,-0.0,1.0,0.0,0.0,0,0,0,0,0,0,0,0,0,0,0
13.171667337417603,-0.0,-0.0,-0.7821317315101624,-0.0,-0.0,1.0,0.0,0.0,0,0,0,0,0,0,0,0,0,0,0
13.174682140350342,-0.0,-0.0,-0.8082759380340576,-0.0,-0.0,1.0,0.0,0.0,0,0,0,0,0,0,0,0,0,0,0
13.182652950286865,-0.0,-0.0,-0.843134880065918,-0.0,-0.0,1.0,0.0,0.0,0,0,0,0,0,0,0,0,0,0,0
13.199095249176025,-0.0,-0.0,-0.8082759380340576,-0.0,-0.0,1.0,0.0,0.0,0,0,0,0,0,0,0,0,0,0,0
13.205016374588013,-0.0,-0.0,-0.843134880065918,-0.0,-0.0,1.0,0.0,0.0,0,0,0,0,0,0,0,0,0,0,0
13.211244344711304,-0.0,-0.0,-0.8082759380340576,-0.0,-0.0,1.0,0.0,0.0,0,0,0,0,0,0,0,0,0,0,0
13.21960997581482,-0.0,-0.0,-0.7821317315101624,-0.0,-0.0,1.0,0.0,0.0,0,0,0,0,0,0,0,0,0,0,0
13.22726321220398,-0.0,-0.0,-0.7124139070510864,-0.0,-0.0,1.0,0.0,0.0,0,0,0,0,0,0,0,0,0,0,0
13.233355283737183,-0.0,-0.0,-0.6862697005271912,-0.0,-0.0,1.0,0.0,0.0,0,0,0,0,0,0,0,0,0,0,0
13.234946012496948,-0.0,-0.0,-0.6165518760681152,-0.0,-0.0,1.0,0.0,0.0,0,0,0,0,0,0,0,0,0,0,0
13.238832950592041,-0.0,-0.0,-0.520689845085144,-0.0,-0.0,1.0,0.0,0.0,0,0,0,0,0,0,0,0,0,0,0
13.242624521255493,-0.0,-0.0,-0.4596867561340332,-0.0,-0.0,1.0,0.0,0.0,0,0,0,0,0,0,0,0,0,0,0
13.24698281288147,-0.0,-0.0,-0.363824725151062,-0.0,-0.0,1.0,0.0,0.0,0,0,0,0,0,0,0,0,0,0,0
13.25076961517334,-0.0,-0.0,-0.23310376703739166,-0.0,-0.0,1.0,0.0,0.0,0,0,0,0,0,0,0,0,0,0,0
13.254695177078247,-0.0,-0.0,-0.10238281637430191,-0.0,-0.0,1.0,0.0,0.0,0,0,0,0,0,0,0,0,0,0,0
13.25895071029663,-0.0,-0.0,-0.0,-0.0,-0.0,1.0,0.0,0.0,0,0,0,0,0,0,0,0,0,0,0
13.270886421203613,-0.0,-0.0,0.2854260504245758,-0.0,-0.0,1.0,0.0,0.0,0,0,0,0,0,0,0,0,0,0,0
13.275558233261108,-0.0,-0.0,0.4771501123905182,-0.0,-0.0,1.0,0.0,0.0,0,0,0,0,0,0,0,0,0,0,0
13.27824854850769,-0.0,-0.0,0.6340152621269226,-0.0,-0.0,1.0,0.0,0.0,0,0,0,0,0,0,0,0,0,0,0
13.28249478340149,-0.0,-0.0,0.7995951175689697,-0.0,-0.0,1.0,0.0,0.0,0,0,0,0,0,0,0,0,0,0,0
13.28647494316101,-0.0,-0.0,0.9564602375030518,-0.0,-0.0,1.0,0.0,0.0,0,0,0,0,0,0,0,0,0,0,0
13.29032564163208,-0.0,-0.0,1.0,-0.0,-0.0,1.0,0.0,0.0,0,0,0,0,0,0,0,0,0,0,0
13.340399265289307,-0.0,-0.0,1.0,-0.0,-0.0,1.0,0.0,0.0,0,0,0,0,0,0,0,0,0,0,0
13.391312837600708,-0.0,-0.0,1.0,-0.0,-0.0,1.0,0.0,0.0,0,0,0,0,0,0,0,0,0,0,0
13.4415442943573,-0.0,-0.0,1.0,-0.0,-0.0,1.0,0.0,0.0,0,0,0,0,0,0,0,0,0,0,0
13.491605043411255,-0.0,-0.0,1.0,-0.0,-0.0,1.0,0.0,0.0,0,0,0,0,0,0,0,0,0,0,0
13.542326211929321,-0.0,-0.0,1.0,-0.0,-0.0,1.0,0.0,0.0,0,0,0,0,0,0,0,0,0,0,0
13.55457067489624,-0.0,-0.0,0.8954571485519409,-0.0,-0.0,1.0,0.0,0.0,0,0,0,0,0,0,0,0,0,0,0
13.560739755630493,-0.0,-0.0,0.7995951175689697,-0.0,-0.0,1.0,0.0,0.0,0,0,0,0,0,0,0,0,0,0,0
13.562213659286499,-0.0,-0.0,0.7037330865859985,-0.0,-0.0,1.0,0.0,0.0,0,0,0,0,0,0,0,0,0,0,0
13.566772937774658,-0.0,-0.0,0.6340152621269226,-0.0,-0.0,1.0,0.0,0.0,0,0,0,0,0,0,0,0,0,0,0
13.572132110595703,-0.0,-0.0,0.5381532311439514,-0.0,-0.0,1.0,0.0,0.0,0,0,0,0,0,0,0,0,0,0,0
13.574685096740723,-0.0,-0.0,0.4771501123905182,-0.0,-0.0,1.0,0.0,0.0,0,0,0,0,0,0,0,0,0,0,0
13.578885793685913,-0.0,-0.0,0.381288081407547,-0.0,-0.0,1.0,0.0,0.0,0,0,0,0,0,0,0,0,0,0,0
13.58388876914978,-0.0,-0.0,0.2854260504245758,-0.0,-0.0,1.0,0.0,0.0,0,0,0,0,0,0,0,0,0,0,0
13.588584899902344,-0.0,-0.0,0.18956401944160461,-0.0,-0.0,1.0,0.0,0.0,0,0,0,0,0,0,0,0,0,0,0
13.591244220733643,-0.0,-0.0,0.09370199590921402,-0.0,-0.0,1.0,0.0,0.0,0,0,0,0,0,0,0,0,0,0,0
13.596119165420532,-0.0,-0.0,-0.0,-0.0,-0.0,1.0,0.0,0.0,0,0,0,0,0,0,0,0,0,0,0
13.607337474822998,-0.0,-0.0,-0.006520788185298443,-0.0,-0.0,1.0,0.0,0.0,0,0,0,0,0,0,0,0,0,0,0
13.61145281791687,-0.0,-0.0,-0.10238281637430191,-0.0,-0.0,1.0,0.0,0.0,0,0,0,0,0,0,0,0,0,0,0
13.615860223770142,-0.0,-0.0,-0.17210066318511963,-0.0,-0.0,1.0,0.0,0.0,0,0,0,0,0,0,0,0,0,0,0
13.618858098983765,-0.0,-0.0,-0.2679626941680908,-0.0,-0.0,1.0,0.0,0.0,0,0,0,0,0,0,0,0,0,0,0
13.623822450637817,-0.0,-0.0,-0.2941068708896637,-0.0,-0.0,1.0,0.0,0.0,0,0,0,0,0,0,0,0,0,0,0
13.627291202545166,-0.0,-0.0,-0.363824725151062,-0.0,-0.0,1.0,0.0,0.0,0,0,0,0,0,0,0,0,0,0,0
13.631115436553955,-0.0,-0.0,-0.42482781410217285,-0.0,-0.0,1.0,0.0,0.0,0,0,0,0,0,0,0,0,0,0,0
13.634639501571655,-0.0,-0.0,-0.4596867561340332,-0.0,-0.0,1.0,0.0,0.0,0,0,0,0,0,0,0,0,0,0,0
13.638967275619507,-0.0,-0.0,-0.4858309328556061,-0.0,-0.0,1.0,0.0,0.0,0,0,0,0,0,0,0,0,0,0,0
13.642685651779175,-0.0,-0.0,-0.5555487871170044,-0.0,-0.0,1.0,0.0,0.0,0,0,0,0,0,0,0,0,0,0,0
13.647369861602783,-0.0,-0.0,-0.59040766954422,-0.0,-0.0,1.0,0.0,0.0,0,0,0,0,0,0,0,0,0,0,0
13.650216341018677,-0.0,-0.0,-0.6514108180999756,-0.0,-0.0,1.0,0.0,0.0,0,0,0,0,0,0,0,0,0,0,0
13.654330015182495,-0.0,-0.0,-0.6862697005271912,-0.0,-0.0,1.0,0.0,0.0,0,0,0,0,0,0,0,0,0,0,0
13.662256479263306,-0.0,-0.0,-0.7124139070510864,-0.0,-0.0,1.0,0.0,0.0,0,0,0,0,0,0,0,0,0,0,0
13.6745924949646,-0.0,-0.0,-0.7472728490829468,-0.0,-0.0,1.0,0.0,0.0,0,0,0,0,0,0,0,0,0,0,0
13.679034948348999,-0.0,-0.0,-0.7124139070510864,-0.0,-0.0,1.0,0.0,0.0,0,0,0,0,0,0,0,0,0,0,0
13.690642833709717,-0.0,-0.0,-0.7472728490829468,-0.0,-0.0,1.0,0.0,0.0,0,0,0,0,0,0,0,0,0,0,0
13.695659637451172,-0.0,-0.0,-0.7124139070510864,-0.0,-0.0,1.0,0.0,0.0,0,0,0,0,0,0,0,0,0,0,0
13.710572004318237,-0.0,-0.0,-0.6862697005271912,-0.0,-0.0,1.0,0.0,0.0,0,0,0,0,0,0,0,0,0,0,0
13.71509599685669,-0.0,-0.0,-0.6165518760681152,-0.0,-0.0,1.0,0.0,0.0,0,0,0,0,0,0,0,0,0,0,0
13.71990704536438,-0.0,-0.0,-0.5555487871170044,-0.0,-0.0,1.0,0.0,0.0,0,0,0,0,0,0,0,0,0,0,0
13.723836421966553,-0.0,-0.0,-0.4858309328556061,-0.0,-0.0,1.0,0.0,0.0,0,0,0,0,0,0,0,0,0,0,0
13.726844549179077,-0.0,-0.0,-0.42482781410217285,-0.0,-0.0,1.0,0.0,0.0,0,0,0,0,0,0,0,0,0,0,0
13.730265140533447,-0.0,-0.0,-0.32896578311920166,-0.0,-0.0,1.0,0.0,0.0,0,0,0,0,0,0,0,0,0,0,0
13.735025405883789,-0.0,-0.0,-0.23310376703739166,-0.0,-0.0,1.0,0.0,0.0,0,0,0,0,0,0,0,0,0,0,0
13.738343000411987,-0.0,-0.0,-0.10238281637430191,-0.0,-0.0,1.0,0.0,0.0,0,0,0,0,0,0,0,0,0,0,0
13.743324518203735,-0.0,-0.0,-0.0,-0.0,-0.0,1.0,0.0,0.0,0,0,0,0,0,0,0,0,0,0,0
13.751460313796997,-0.0,-0.0,0.09370199590921402,-0.0,-0.0,1.0,0.0,0.0,0,0,0,0,0,0,0,0,0,0,0
13.755207538604736,-0.0,-0.0,0.25056713819503784,-0.0,-0.0,1.0,0.0,0.0,0,0,0,0,0,0,0,0,0,0,0
13.758745670318604,-0.0,-0.0,0.41614699363708496,-0.0,-0.0,1.0,0.0,0.0,0,0,0,0,0,0,0,0,0,0,0
13.764638185501099,-0.0,-0.0,0.573012113571167,-0.0,-0.0,1.0,0.0,0.0,0,0,0,0,0,0,0,0,0,0,0
13.766214370727539,-0.0,-0.0,0.7037330865859985,-0.0,-0.0,1.0,0.0,0.0,0,0,0,0,0,0,0,0,0,0,0
13.771117687225342,-0.0,-0.0,0.8605982065200806,-0.0,-0.0,1.0,0.0,0.0,0,0,0,0,0,0,0,0,0,0,0
13.774279832839966,-0.0,-0.0,1.0,-0.0,-0.0,1.0,0.0,0.0,0,0,0,0,0,0,0,0,0,0,0
13.82453203201294,-0.0,-0.0,1.0,-0.0,-0.0,1.0,0.0,0.0,0,0,0,0,0,0,0,0,0,0,0
13.874974250793457,-0.0,-0.0,1.0,-0.0,-0.0,1.0,0.0,0.0,0,0,0,0,0,0,0,0,0,0,0
13.975144624710083,-0.0,-0.0,1.0,-0.0,-0.0,1.0,0.0,0.0,0,0,0,0,0,0,0,0,0,0,0
14.006685972213745,-0.0,-0.0,1.0,-0.0,-0.0,0.9303160905838013,0.0,0.0,0,0,0,0,0,0,0,0,0,0,0
14.012831926345825,-0.0,-0.0,1.0,-0.0,-0.0,0.8344540596008301,0.0,0.0,0,0,0,0,0,0,0,0,0,0,0
14.014297485351562,-0.0,-0.0,1.0,-0.0,-0.0,0.747306764125824,0.0,0.0,0,0,0,0,0,0,0,0,0,0,0
14.022931098937988,-0.0,-0.0,1.0,-0.0,-0.0,0.6775888800621033,0.0,0.0,0,0,0,0,0,0,0,0,0,0,0
14.026861906051636,-0.0,-0.0,1.0,-0.0,-0.0,0.5904415845870972,0.0,0.0,0,0,0,0,0,0,0,0,0,0,0
14.031502723693848,-0.0,-0.0,1.0,-0.0,-0.0,0.49457958340644836,0.0,0.0,0,0,0,0,0,0,0,0,0,0,0
14.034752607345581,-0.0,-0.0,1.0,-0.0,-0.0,0.43357646465301514,0.0,0.0,0,0,0,0,0,0,0,0,0,0,0
14.038880348205566,-0.0,-0.0,1.0,-0.0,-0.0,0.3725733458995819,0.0,0.0,0,0,0,0,0,0,0,0,0,0,0
14.043038368225098,-0.0,-0.0,1.0,-0.0,-0.0,0.31157025694847107,0.0,0.0,0,0,0,0,0,0,0,0,0,0,0
14.046715021133423,-0.0,-0.0,1.0,-0.0,-0.0,0.25056713819503784,0.0,0.0,0,0,0,0,0,0,0,0,0,0,0
14.05131220817566,-0.0,-0.0,1.0,-0.0,-0.0,0.18956401944160461,0.0,0.0,0,0,0,0,0,0,0,0,0,0,0
14.054502725601196,-0.0,-0.0,1.0,-0.0,-0.0,0.15470510721206665,0.0,0.0,0,0,0,0,0,0,0,0,0,0,0
14.05852746963501,-0.0,-0.0,1.0,-0.0,-0.0,0.09370199590921402,0.0,0.0,0,0,0,0,0,0,0,0,0,0,0
14.06455135345459,-0.0,-0.0,1.0,-0.0,-0.0,0.06755780428647995,0.0,0.0,0,0,0,0,0,0,0,0,0,0,0
14.06725525856018,-0.0,-0.0,1.0,-0.0,-0.0,0.03269888833165169,0.0,0.0,0,0,0,0,0,0,0,0,0,0,0
14.071671485900879,-0.0,-0.0,1.0,-0.0,-0.0,0.006554697640240192,0.0,0.0,0,0,0,0,0,0,0,0,0,0,0
14.075164794921875,-0.0,-0.0,1.0,-0.0,-0.0,-0.0,0.0,0.0,0,0,0,0,0,0,0,0,0,0,0
14.138565301895142,-0.0,-0.0,1.0,-0.0,-0.0,-0.0,0.0,0.0,0,0,0,0,0,0,0,0,0,0,0
14.146982431411743,-0.0,-0.0,1.0,-0.0,-0.0,0.006554697640240192,0.0,0.0,0,0,0,0,0,0,0,0,0,0,0
14.155029296875,-0.0,-0.0,1.0,-0.0,-0.0,0.03269888833165169,0.0,0.0,0,0,0,0,0,0,0,0,0,0,0
14.159697532653809,-0.0,-0.0,1.0,-0.0,-0.0,0.06755780428647995,0.0,0.0,0,0,0,0,0,0,0,0,0,0,0
14.162720203399658,-0.0,-0.0,1.0,-0.0,-0.0,0.09370199590921402,0.0,0.0,0,0,0,0,0,0,0,0,0,0,0
14.1665198802948,-0.0,-0.0,1.0,-0.0,-0.0,0.12856091558933258,0.0,0.0,0,0,0,0,0,0,0,0,0,0,0
14.17208218574524,-0.0,-0.0,1.0,-0.0,-0.0,0.18956401944160461,0.0,0.0,0,0,0,0,0,0,0,0,0,0,0
14.1756432056427,-0.0,-0.0,1.0,-0.0,-0.0,0.21570821106433868,0.0,0.0,0,0,0,0,0,0,0,0,0,0,0
14.180554866790771,-0.0,-0.0,1.0,-0.0,-0.0,0.2854260504245758,0.0,0.0,0,0,0,0,0,0,0,0,0,0,0
14.183165073394775,-0.0,-0.0,1.0,-0.0,-0.0,0.34642916917800903,0.0,0.0,0,0,0,0,0,0,0,0,0,0,0
14.187043905258179,-0.0,-0.0,1.0,-0.0,-0.0,0.40743228793144226,0.0,0.0,0,0,0,0,0,0,0,0,0,0,0
14.190924644470215,-0.0,-0.0,1.0,-0.0,-0.0,0.4684353768825531,0.0,0.0,0,0,0,0,0,0,0,0,0,0,0
14.194722890853882,-0.0,-0.0,1.0,-0.0,-0.0,0.49457958340644836,0.0,0.0,0,0,0,0,0,0,0,0,0,0,0
14.199716567993164,-0.0,-0.0,1.0,-0.0,-0.0,0.5904415845870972,0.0,0.0,0,0,0,0,0,0,0,0,0,0,0
14.207404136657715,-0.0,-0.0,1.0,-0.0,-0.0,0.7124478220939636,0.0,0.0,0,0,0,0,0,0,0,0,0,0,0
14.210832118988037,-0.0,-0.0,1.0,-0.0,-0.0,0.747306764125824,0.0,0.0,0,0,0,0,0,0,0,0,0,0,0
14.214757680892944,-0.0,-0.0,1.0,-0.0,-0.0,0.8083098530769348,0.0,0.0,0,0,0,0,0,0,0,0,0,0,0
14.218457460403442,-0.0,-0.0,1.0,-0.0,-0.0,0.8344540596008301,0.0,0.0,0,0,0,0,0,0,0,0,0,0,0
14.222776651382446,-0.0,-0.0,1.0,-0.0,-0.0,0.8954571485519409,0.0,0.0,0,0,0,0,0,0,0,0,0,0,0
14.227285385131836,-0.0,-0.0,1.0,-0.0,-0.0,0.9564602375030518,0.0,0.0,0,0,0,0,0,0,0,0,0,0,0
14.230847597122192,-0.0,-0.0,1.0,-0.0,-0.0,1.0,0.0,0.0,0,0,0,0,0,0,0,0,0,0,0
14.331513166427612,-0.0,-0.0,1.0,-0.0,-0.0,1.0,0.0,0.0,0,0,0,0,0,0,0,0,0,0,0
14.378501653671265,-0.0,-0.0,1.0,-0.0,-0.0,0.8693129420280457,0.0,0.0,0,0,0,0,0,0,0,0,0,0,0
14.384582281112671,-0.0,-0.0,1.0,-0.0,-0.0,0.7734509110450745,0.0,0.0,0,0,0,0,0,0,0,0,0,0,0
14.387853384017944,-0.0,-0.0,1.0,-0.0,-0.0,0.6165857911109924,0.0,0.0,0,0,0,0,0,0,0,0,0,0,0
14.391450643539429,-0.0,-0.0,1.0,-0.0,-0.0,0.43357646465301514,0.0,0.0,0,0,0,0,0,0,0,0,0,0,0
14.395207166671753,-0.0,-0.0,1.0,-0.0,-0.0,0.2854260504245758,0.0,0.0,0,0,0,0,0,0,0,0,0,0,0
14.39933180809021,-0.0,-0.0,1.0,-0.0,-0.0,0.15470510721206665,0.0,0.0,0,0,0,0,0,0,0,0,0,0,0
14.403133153915405,-0.0,-0.0,1.0,-0.0,-0.0,0.03269888833165169,0.0,0.0,0,0,0,0,0,0,0,0,0,0,0
14.406687021255493,-0.0,-0.0,1.0,-0.0,-0.0,-0.0,0.0,0.0,0,0,0,0,0,0,0,0,0,0,0
14.415537357330322,-0.0,-0.0,1.0,-0.0,-0.0,-0.08495336025953293,0.0,0.0,0,0,0,0,0,0,0,0,0,0,0
14.418487787246704,-0.0,-0.0,1.0,-0.0,-0.0,-0.17210066318511963,0.0,0.0,0,0,0,0,0,0,0,0,0,0,0
14.422584056854248,-0.0,-0.0,1.0,-0.0,-0.0,-0.2679626941680908,0.0,0.0,0,0,0,0,0,0,0,0,0,0,0
14.427479982376099,-0.0,-0.0,1.0,-0.0,-0.0,-0.32896578311920166,0.0,0.0,0,0,0,0,0,0,0,0,0,0,0
14.431384086608887,-0.0,-0.0,1.0,-0.0,-0.0,-0.41611310839653015,0.0,0.0,0,0,0,0,0,0,0,0,0,0,0
14.436141729354858,-0.0,-0.0,1.0,-0.0,-0.0,-0.477116197347641,0.0,0.0,0,0,0,0,0,0,0,0,0,0,0
14.438912391662598,-0.0,-0.0,1.0,-0.0,-0.0,-0.511975109577179,0.0,0.0,0,0,0,0,0,0,0,0,0,0,0
14.443193912506104,-0.0,-0.0,1.0,-0.0,-0.0,-0.5468340516090393,0.0,0.0,0,0,0,0,0,0,0,0,0,0,0
14.448824405670166,-0.0,-0.0,1.0,-0.0,-0.0,-0.6078371405601501,0.0,0.0,0,0,0,0,0,0,0,0,0,0,0
14.450371742248535,-0.0,-0.0,1.0,-0.0,-0.0,-0.6688402891159058,0.0,0.0,0,0,0,0,0,0,0,0,0,0,0
14.454349756240845,-0.0,-0.0,1.0,-0.0,-0.0,-0.6949844360351562,0.0,0.0,0,0,0,0,0,0,0,0,0,0,0
14.45857834815979,-0.0,-0.0,1.0,-0.0,-0.0,-0.7298433780670166,0.0,0.0,0,0,0,0,0,0,0,0,0,0,0
14.471574783325195,-0.0,-0.0,1.0,-0.0,-0.0,-0.7559875845909119,0.0,0.0,0,0,0,0,0,0,0,0,0,0,0
14.5145103931427,-0.0,-0.0,1.0,-0.0,-0.0,-0.6949844360351562,0.0,0.0,0,0,0,0,0,0,0,0,0,0,0
14.518278360366821,-0.0,-0.0,1.0,-0.0,-0.0,-0.6688402891159058,0.0,0.0,0,0,0,0,0,0,0,0,0,0,0
14.522772073745728,-0.0,-0.0,1.0,-0.0,-0.0,-0.6339813470840454,0.0,0.0,0,0,0,0,0,0,0,0,0,0,0
14.526938438415527,-0.0,-0.0,1.0,-0.0,-0.0,-0.6078371405601501,0.0,0.0,0,0,0,0,0,0,0,0,0,0,0
14.535066366195679,-0.0,-0.0,1.0,-0.0,-0.0,-0.5468340516090393,0.0,0.0,0,0,0,0,0,0,0,0,0,0,0
14.539378643035889,-0.0,-0.0,1.0,-0.0,-0.0,-0.511975109577179,0.0,0.0,0,0,0,0,0,0,0,0,0,0,0
14.543187379837036,-0.0,-0.0,1.0,-0.0,-0.0,-0.477116197347641,0.0,0.0,0,0,0,0,0,0,0,0,0,0,0
14.54732370376587,-0.0,-0.0,1.0,-0.0,-0.0,-0.41611310839653015,0.0,0.0,0,0,0,0,0,0,0,0,0,0,0
14.550647020339966,-0.0,-0.0,1.0,-0.0,-0.0,-0.32896578311920166,0.0,0.0,0,0,0,0,0,0,0,0,0,0,0
14.55494499206543,-0.0,-0.0,1.0,-0.0,-0.0,-0.2679626941680908,0.0,0.0,0,0,0,0,0,0,0,0,0,0,0
14.558393716812134,-0.0,-0.0,1.0,-0.0,-0.0,-0.14595647156238556,0.0,0.0,0,0,0,0,0,0,0,0,0,0,0
14.563083410263062,-0.0,-0.0,1.0,-0.0,-0.0,-0.08495336025953293,0.0,0.0,0,0,0,0,0,0,0,0,0,0,0
14.566534757614136,-0.0,-0.0,1.0,-0.0,-0.0,-0.0,0.0,0.0,0,0,0,0,0,0,0,0,0,0,0
14.574922561645508,-0.0,-0.0,1.0,-0.0,-0.0,0.006554697640240192,0.0,0.0,0,0,0,0,0,0,0,0,0,0,0
14.578624486923218,-0.0,-0.0,1.0,-0.0,-0.0,0.06755780428647995,0.0,0.0,0,0,0,0,0,0,0,0,0,0,0
14.582454919815063,-0.0,-0.0,1.0,-0.0,-0.0,0.15470510721206665,0.0,0.0,0,0,0,0,0,0,0,0,0,0,0
14.586726665496826,-0.0,-0.0,1.0,-0.0,-0.0,0.25056713819503784,0.0,0.0,0,0,0,0,0,0,0,0,0,0,0
14.590467929840088,-0.0,-0.0,1.0,-0.0,-0.0,0.34642916917800903,0.0,0.0,0,0,0,0,0,0,0,0,0,0,0
14.595407247543335,-0.0,-0.0,1.0,-0.0,-0.0,0.43357646465301514,0.0,0.0,0,0,0,0,0,0,0,0,0,0,0
14.598958730697632,-0.0,-0.0,1.0,-0.0,-0.0,0.49457958340644836,0.0,0.0,0,0,0,0,0,0,0,0,0,0,0
14.604659080505371,-0.0,-0.0,1.0,-0.0,-0.0,0.5555827021598816,0.0,0.0,0,0,0,0,0,0,0,0,0,0,0
14.60703158378601,-0.0,-0.0,1.0,-0.0,-0.0,0.6514447331428528,0.0,0.0,0,0,0,0,0,0,0,0,0,0,0
14.611053705215454,-0.0,-0.0,1.0,-0.0,-0.0,0.7124478220939636,0.0,0.0,0,0,0,0,0,0,0,0,0,0,0
14.615513324737549,-0.0,-0.0,1.0,-0.0,-0.0,0.8083098530769348,0.0,0.0,0,0,0,0,0,0,0,0,0,0,0
14.619558811187744,-0.0,-0.0,1.0,-0.0,-0.0,0.8344540596008301,0.0,0.0,0,0,0,0,0,0,0,0,0,0,0
14.62335205078125,-0.0,-0.0,1.0,-0.0,-0.0,0.8693129420280457,0.0,0.0,0,0,0,0,0,0,0,0,0,0,0
14.627288103103638,-0.0,-0.0,1.0,-0.0,-0.0,0.9303160905838013,0.0,0.0,0,0,0,0,0,0,0,0,0,0,0
14.63292384147644,-0.0,-0.0,1.0,-0.0,-0.0,1.0,0.0,0.0,0,0,0,0,0,0,0,0,0,0,0
14.678407430648804,-0.0,-0.0,1.0,-0.0,-0.0,0.9564602375030518,0.0,0.0,0,0,0,0,0,0,0,0,0,0,0
14.685204029083252,-0.0,-0.0,1.0,-0.0,-0.0,0.8693129420280457,0.0,0.0,0,0,0,0,0,0,0,0,0,0,0
14.686751365661621,-0.0,-0.0,1.0,-0.0,-0.0,0.8083098530769348,0.0,0.0,0,0,0,0,0,0,0,0,0,0,0
14.690959453582764,-0.0,-0.0,1.0,-0.0,-0.0,0.7124478220939636,0.0,0.0,0,0,0,0,0,0,0,0,0,0,0
14.694319486618042,-0.0,-0.0,1.0,-0.0,-0.0,0.6165857911109924,0.0,0.0,0,0,0,0,0,0,0,0,0,0,0
14.698617935180664,-0.0,-0.0,1.0,-0.0,-0.0,0.5294384956359863,0.0,0.0,0,0,0,0,0,0,0,0,0,0,0
14.703185558319092,-0.0,-0.0,1.0,-0.0,-0.0,0.4684353768825531,0.0,0.0,0,0,0,0,0,0,0,0,0,0,0
14.706912279129028,-0.0,-0.0,1.0,-0.0,-0.0,0.3725733458995819,0.0,0.0,0,0,0,0,0,0,0,0,0,0,0
14.7108314037323,-0.0,-0.0,1.0,-0.0,-0.0,0.2854260504245758,0.0,0.0,0,0,0,0,0,0,0,0,0,0,0
14.715124368667603,-0.0,-0.0,1.0,-0.0,-0.0,0.21570821106433868,0.0,0.0,0,0,0,0,0,0,0,0,0,0,0
14.718815326690674,-0.0,-0.0,1.0,-0.0,-0.0,0.15470510721206665,0.0,0.0,0,0,0,0,0,0,0,0,0,0,0
14.72300100326538,-0.0,-0.0,1.0,-0.0,-0.0,0.06755780428647995,0.0,0.0,0,0,0,0,0,0,0,0,0,0,0
14.726849794387817,-0.0,-0.0,1.0,-0.0,-0.0,0.006554697640240192,0.0,0.0,0,0,0,0,0,0,0,0,0,0,0
14.730726718902588,-0.0,-0.0,1.0,-0.0,-0.0,-0.0,0.0,0.0,0,0,0,0,0,0,0,0,0,0,0
14.739372253417969,-0.0,-0.0,1.0,-0.0,-0.0,-0.015235518105328083,0.0,0.0,0,0,0,0,0,0,0,0,0,0,0
14.743475914001465,-0.0,-0.0,1.0,-0.0,-0.0,-0.08495336025953293,0.0,0.0,0,0,0,0,0,0,0,0,0,0,0
14.747448682785034,-0.0,-0.0,1.0,-0.0,-0.0,-0.14595647156238556,0.0,0.0,0,0,0,0,0,0,0,0,0,0,0
14.75110936164856,-0.0,-0.0,1.0,-0.0,-0.0,-0.23310376703739166,0.0,0.0,0,0,0,0,0,0,0,0,0,0,0
14.754582643508911,-0.0,-0.0,1.0,-0.0,-0.0,-0.2941068708896637,0.0,0.0,0,0,0,0,0,0,0,0,0,0,0
14.76025390625,-0.0,-0.0,1.0,-0.0,-0.0,-0.32896578311920166,0.0,0.0,0,0,0,0,0,0,0,0,0,0,0
14.763254642486572,-0.0,-0.0,1.0,-0.0,-0.0,-0.3551099896430969,0.0,0.0,0,0,0,0,0,0,0,0,0,0,0
14.766919612884521,-0.0,-0.0,1.0,-0.0,-0.0,-0.41611310839653015,0.0,0.0,0,0,0,0,0,0,0,0,0,0,0
14.770644664764404,-0.0,-0.0,1.0,-0.0,-0.0,-0.4509720206260681,0.0,0.0,0,0,0,0,0,0,0,0,0,0,0
14.783135652542114,-0.0,-0.0,1.0,-0.0,-0.0,-0.477116197347641,0.0,0.0,0,0,0,0,0,0,0,0,0,0,0
14.81551718711853,-0.0,-0.0,1.0,-0.0,-0.0,-0.41611310839653015,0.0,0.0,0,0,0,0,0,0,0,0,0,0,0
14.823072671890259,-0.0,-0.0,1.0,-0.0,-0.0,-0.3551099896430969,0.0,0.0,0,0,0,0,0,0,0,0,0,0,0
14.826608419418335,-0.0,-0.0,1.0,-0.0,-0.0,-0.32896578311920166,0.0,0.0,0,0,0,0,0,0,0,0,0,0,0
14.830859899520874,-0.0,-0.0,1.0,-0.0,-0.0,-0.2679626941680908,0.0,0.0,0,0,0,0,0,0,0,0,0,0,0
14.835581064224243,-0.0,-0.0,1.0,-0.0,-0.0,-0.2069595754146576,0.0,0.0,0,0,0,0,0,0,0,0,0,0,0
14.840312242507935,-0.0,-0.0,1.0,-0.0,-0.0,-0.1110975444316864,0.0,0.0,0,0,0,0,0,0,0,0,0,0,0
14.84339427947998,-0.0,-0.0,1.0,-0.0,-0.0,-0.05009443685412407,0.0,0.0,0,0,0,0,0,0,0,0,0,0,0
14.847535371780396,-0.0,-0.0,1.0,-0.0,-0.0,-0.0,0.0,0.0,0,0,0,0,0,0,0,0,0,0,0
14.854584217071533,-0.0,-0.0,1.0,-0.0,-0.0,0.006554697640240192,0.0,0.0,0,0,0,0,0,0,0,0,0,0,0
14.858533382415771,-0.0,-0.0,1.0,-0.0,-0.0,0.09370199590921402,0.0,0.0,0,0,0,0,0,0,0,0,0,0,0
14.863044500350952,-0.0,-0.0,1.0,-0.0,-0.0,0.21570821106433868,0.0,0.0,0,0,0,0,0,0,0,0,0,0,0
14.866549015045166,-0.0,-0.0,1.0,-0.0,-0.0,0.31157025694847107,0.0,0.0,0,0,0,0,0,0,0,0,0,0,0
14.870358228683472,-0.0,-0.0,1.0,-0.0,-0.0,0.43357646465301514,0.0,0.0,0,0,0,0,0,0,0,0,0,0,0
14.874529838562012,-0.0,-0.0,1.0,-0.0,-0.0,0.5294384956359863,0.0,0.0,0,0,0,0,0,0,0,0,0,0,0
14.878619909286499,-0.0,-0.0,1.0,-0.0,-0.0,0.6514447331428528,0.0,0.0,0,0,0,0,0,0,0,0,0,0,0
14.885845422744751,-0.0,-0.0,1.0,-0.0,-0.0,0.7734509110450745,0.0,0.0,0,0,0,0,0,0,0,0,0,0,0
14.887290954589844,-0.0,-0.0,1.0,-0.0,-0.0,0.8344540596008301,0.0,0.0,0,0,0,0,0,0,0,0,0,0,0
14.890450477600098,-0.0,-0.0,1.0,-0.0,-0.0,0.9564602375030518,0.0,0.0,0,0,0,0,0,0,0,0,0,0,0
14.894527435302734,-0.0,-0.0,1.0,-0.0,-0.0,1.0,0.0,0.0,0,0,0,0,0,0,0,0,0,0,0
14.945497989654541,-0.0,-0.0,1.0,-0.0,-0.0,1.0,0.0,0.0,0,0,0,0,0,0,0,0,0,0,0
14.996243238449097,-0.0,-0.0,1.0,-0.0,-0.0,1.0,0.0,0.0,0,0,0,0,0,0,0,0,0,0,0
15.09613823890686,-0.0,-0.0,1.0,-0.0,-0.0,1.0,0.0,0.0,0,0,0,0,0,0,0,0,0,0,0
15.14681887626648,-0.0,-0.0,1.0,-0.0,-0.0,1.0,0.0,0.0,0,0,0,0,0,0,0,0,0,0,0
15.247329711914062,-0.0,-0.0,1.0,-0.0,-0.0,1.0,0.0,0.0,0,0,0,0,0,0,0,0,0,0,0
15.298279047012329,-0.0,-0.0,1.0,-0.0,-0.0,1.0,0.0,0.0,0,0,0,0,0,0,0,0,0,0,0
15.348459720611572,-0.0,-0.0,1.0,-0.0,-0.0,1.0,0.0,0.0,0,0,0,0,0,0,0,0,0,0,0
15.398699283599854,-0.0,-0.0,1.0,-0.0,-0.0,1.0,0.0,0.0,0,0,0,0,0,0,0,0,0,0,0
15.44920539855957,-0.0,-0.0,1.0,-0.0,-0.0,1.0,0.0,0.0,0,0,0,0,0,0,0,0,0,0,0
15.499540567398071,-0.0,-0.0,1.0,-0.0,-0.0,1.0,0.0,0.0,0,0,0,0,0,0,0,0,0,0,0
15.599533796310425,-0.0,-0.0,1.0,-0.0,-0.0,1.0,0.0,0.0,0,0,0,0,0,0,0,0,0,0,0
15.650550127029419,-0.0,-0.0,1.0,-0.0,-0.0,1.0,0.0,0.0,0,0,0,0,0,0,0,0,0,0,0
15.751168727874756,-0.0,-0.0,1.0,-0.0,-0.0,1.0,0.0,0.0,0,0,0,0,0,0,0,0,0,0,0
15.801936626434326,-0.0,-0.0,1.0,-0.0,-0.0,1.0,0.0,0.0,0,0,0,0,0,0,0,0,0,0,0
15.852486610412598,-0.0,-0.0,1.0,-0.0,-0.0,1.0,0.0,0.0,0,0,0,0,0,0,0,0,0,0,0
15.95307970046997,-0.0,-0.0,1.0,-0.0,-0.0,1.0,0.0,0.0,0,0,0,0,0,0,0,0,0,0,0
16.003598928451538,-0.0,-0.0,1.0,-0.0,-0.0,1.0,0.0,0.0,0,0,0,0,0,0,0,0,0,0,0
16.046812057495117,-0.0,-0.0,1.0,-0.0,-0.0,1.0,0.0,0.0,0,1,0,0,0,0,0,0,0,0,0
16.097312927246094,-0.0,-0.0,1.0,-0.0,-0.0,1.0,0.0,0.0,0,1,0,0,0,0,0,0,0,0,0
16.09882140159607,-0.0,-0.0,1.0,-0.0,-0.0,1.0,0.0,0.0,0,0,0,0,0,0,0,0,0,0,0
16.14914560317993,-0.0,-0.0,1.0,-0.0,-0.0,1.0,0.0,0.0,0,0,0,0,0,0,0,0,0,0,0
16.200262784957886,-0.0,-0.0,1.0,-0.0,-0.0,1.0,0.0,0.0,0,0,0,0,0,0,0,0,0,0,0
16.250476598739624,-0.0,-0.0,1.0,-0.0,-0.0,1.0,0.0,0.0,0,0,0,0,0,0,0,0,0,0,0
16.301281452178955,-0.0,-0.0,1.0,-0.0,-0.0,1.0,0.0,0.0,0,0,0,0,0,0,0,0,0,0,0
16.352006912231445,-0.0,-0.0,1.0,-0.0,-0.0,1.0,0.0,0.0,0,0,0,0,0,0,0,0,0,0,0
16.4026460647583,-0.0,-0.0,1.0,-0.0,-0.0,1.0,0.0,0.0,0,0,0,0,0,0,0,0,0,0,0
16.453113555908203,-0.0,-0.0,1.0,-0.0,-0.0,1.0,0.0,0.0,0,0,0,0,0,0,0,0,0,0,0
16.503496885299683,-0.0,-0.0,1.0,-0.0,-0.0,1.0,0.0,0.0,0,0,0,0,0,0,0,0,0,0,0
16.553717851638794,-0.0,-0.0,1.0,-0.0,-0.0,1.0,0.0,0.0,0,0,0,0,0,0,0,0,0,0,0
16.604045391082764,-0.0,-0.0,1.0,-0.0,-0.0,1.0,0.0,0.0,0,0,0,0,0,0,0,0,0,0,0
16.655744314193726,-0.0,-0.0,1.0,-0.0,-0.0,1.0,0.0,0.0,0,0,0,0,0,0,0,0,0,0,0
16.705751657485962,-0.0,-0.0,1.0,-0.0,-0.0,1.0,0.0,0.0,0,0,0,0,0,0,0,0,0,0,0
16.755815744400024,-0.0,-0.0,1.0,-0.0,-0.0,1.0,0.0,0.0,0,0,0,0,0,0,0,0,0,0,0
16.806231021881104,-0.0,-0.0,1.0,-0.0,-0.0,1.0,0.0,0.0,0,0,0,0,0,0,0,0,0,0,0
16.856851816177368,-0.0,-0.0,1.0,-0.0,-0.0,1.0,0.0,0.0,0,0,0,0,0,0,0,0,0,0,0
16.957210779190063,-0.0,-0.0,1.0,-0.0,-0.0,1.0,0.0,0.0,0,0,0,0,0,0,0,0,0,0,0
17.0083909034729,-0.0,-0.0,1.0,-0.0,-0.0,1.0,0.0,0.0,0,0,0,0,0,0,0,0,0,0,0
17.10745596885681,-0.0,-0.0,1.0,-0.0,-0.0,1.0,0.0,0.0,0,0,0,0,0,0,0,0,0,0,0
17.158377408981323,-0.0,-0.0,1.0,-0.0,-0.0,1.0,0.0,0.0,0,0,0,0,0,0,0,0,0,0,0
17.20924210548401,-0.0,-0.0,1.0,-0.0,-0.0,1.0,0.0,0.0,0,0,0,0,0,0,0,0,0,0,0
17.25965166091919,-0.0,-0.0,1.0,-0.0,-0.0,1.0,0.0,0.0,0,0,0,0,0,0,0,0,0,0,0
17.360549449920654,-0.0,-0.0,1.0,-0.0,-0.0,1.0,0.0,0.0,0,0,0,0,0,0,0,0,0,0,0
17.411198616027832,-0.0,-0.0,1.0,-0.0,-0.0,1.0,0.0,0.0,0,0,0,0,0,0,0,0,0,0,0
17.46182417869568,-0.0,-0.0,1.0,-0.0,-0.0,1.0,0.0,0.0,0,0,0,0,0,0,0,0,0,0,0
17.512341737747192,-0.0,-0.0,1.0,-0.0,-0.0,1.0,0.0,0.0,0,0,0,0,0,0,0,0,0,0,0
17.563055515289307,-0.0,-0.0,1.0,-0.0,-0.0,1.0,0.0,0.0,0,0,0,0,0,0,0,0,0,0,0
17.613828659057617,-0.0,-0.0,1.0,-0.0,-0.0,1.0,0.0,0.0,0,0,0,0,0,0,0,0,0,0,0
17.664589881896973,-0.0,-0.0,1.0,-0.0,-0.0,1.0,0.0,0.0,0,0,0,0,0,0,0,0,0,0,0
17.764715671539307,-0.0,-0.0,1.0,-0.0,-0.0,1.0,0.0,0.0,0,0,0,0,0,0,0,0,0,0,0
17.816303730010986,-0.0,-0.0,1.0,-0.0,-0.0,1.0,0.0,0.0,0,0,0,0,0,0,0,0,0,0,0
17.867347955703735,-0.0,-0.0,1.0,-0.0,-0.0,1.0,0.0,0.0,0,0,0,0,0,0,0,0,0,0,0
17.918104887008667,-0.0,-0.0,1.0,-0.0,-0.0,1.0,0.0,0.0,0,0,0,0,0,0,0,0,0,0,0
17.968907833099365,-0.0,-0.0,1.0,-0.0,-0.0,1.0,0.0,0.0,0,0,0,0,0,0,0,0,0,0,0
18.067973136901855,-0.0,-0.0,1.0,-0.0,-0.0,1.0,0.0,0.0,0,0,0,0,0,0,0,0,0,0,0
18.11800217628479,-0.0,-0.0,1.0,-0.0,-0.0,1.0,0.0,0.0,0,0,0,0,0,0,0,0,0,0,0
18.16836953163147,-0.0,-0.0,1.0,-0.0,-0.0,1.0,0.0,0.0,0,0,0,0,0,0,0,0,0,0,0
18.21901035308838,-0.0,-0.0,1.0,-0.0,-0.0,1.0,0.0,0.0,0,0,0,0,0,0,0,0,0,0,0
18.269094705581665,-0.0,-0.0,1.0,-0.0,-0.0,1.0,0.0,0.0,0,0,0,0,0,0,0,0,0,0,0
18.319605112075806,-0.0,-0.0,1.0,-0.0,-0.0,1.0,0.0,0.0,0,0,0,0,0,0,0,0,0,0,0
18.36978268623352,-0.0,-0.0,1.0,-0.0,-0.0,1.0,0.0,0.0,0,0,0,0,0,0,0,0,0,0,0
18.419997692108154,-0.0,-0.0,1.0,-0.0,-0.0,1.0,0.0,0.0,0,0,0,0,0,0,0,0,0,0,0
18.470245122909546,-0.0,-0.0,1.0,-0.0,-0.0,1.0,0.0,0.0,0,0,0,0,0,0,0,0,0,0,0
18.521154642105103,-0.0,-0.0,1.0,-0.0,-0.0,1.0,0.0,0.0,0,0,0,0,0,0,0,0,0,0,0
18.571717262268066,-0.0,-0.0,1.0,-0.0,-0.0,1.0,0.0,0.0,0,0,0,0,0,0,0,0,0,0,0
18.622173309326172,-0.0,-0.0,1.0,-0.0,-0.0,1.0,0.0,0.0,0,0,0,0,0,0,0,0,0,0,0
18.6742045879364,-0.0,-0.0,1.0,-0.0,-0.0,1.0,0.0,0.0,0,0,0,0,0,0,0,0,0,0,0
18.725333213806152,-0.0,-0.0,1.0,-0.0,-0.0,1.0,0.0,0.0,0,0,0,0,0,0,0,0,0,0,0
18.775900840759277,-0.0,-0.0,1.0,-0.0,-0.0,1.0,0.0,0.0,0,0,0,0,0,0,0,0,0,0,0
18.875872135162354,-0.0,-0.0,1.0,-0.0,-0.0,1.0,0.0,0.0,0,0,0,0,0,0,0,0,0,0,0
18.925902605056763,-0.0,-0.0,1.0,-0.0,-0.0,1.0,0.0,0.0,0,0,0,0,0,0,0,0,0,0,0
19.024848461151123,-0.0,-0.0,1.0,-0.0,-0.0,1.0,0.0,0.0,0,0,0,0,0,0,0,0,0,0,0
19.124356269836426,-0.0,-0.0,1.0,-0.0,-0.0,1.0,0.0,0.0,0,0,0,0,0,0,0,0,0,0,0
